INSERT INTO lista VALUES
('angol', 'andras@newmail.com', 1),
('biológia', 'jeno@tesulid.hu', 1),
('filozófia', 'marta@freemail.com', 0),
('fizika', 'karcsi@egyetem.hu', 0),
('földrajz', 'juci@pmail.com', 0),
('informatika', 'szundi@zmail.com', 1),
('kémia', 'karcsi@egyetem.hu', 1),
('magyar', 'bela@alfold.hu', 0),
('matematika', 'geza@freemail.com', 1),
('német', 'stefan@freemail.com', 1),
('történelem', 'marta@freemail.com', 1);

INSERT INTO tag VALUES
('a.and@egyetem.hu', 'Apró András'),
('a.orsoly@xmail.com', 'Adlan Orsolya'),
('a.z@pmail.com', 'Abbas Zsófia'),
('abr.patri@mszc.hu', 'Ábrahám Patrick'),
('abr.violett@simplemail.com', 'Ábrahám Violetta'),
('ad.ag@newmail.com', 'Adamecz Ágota'),
('alm.anna@pmail.com', 'Almási Anna'),
('alm.d@egyetem.hu', 'Almási Dóra'),
('andrej.eszter@newmail.com', 'Andrejcsik Eszter'),
('as.alexandra@pmail.com', 'Asztalos Alexandra'),
('avramuc.gabo@egyetem.hu', 'Avramucz Gábor'),
('b.d@iskola.hu', 'Böröcz Dávid'),
('b.d@egyetem.hu', 'Balázs Dóra'),
('b.davi@mszc.hu', 'Balog Dávid'),
('b.david@mszc.hu', 'Balogh Dávid'),
('b.rola@egyetem.hu', 'Bikár Roland'),
('b.tamas@newmail.com', 'Balogh Tamás'),
('b.zso@simplemail.com', 'Bárkányi Zsombor'),
('ba.david@newmail.com', 'Barna Dávid'),
('ba.patri@egyetem.hu', 'Balogh Patrik'),
('ba.szab@pmail.com', 'Bacsa Szabina'),
('bak.gergo@newmail.com', 'Bakai Gergő'),
('bal.an@newmail.com', 'Balla Angéla'),
('bal.ervi@iskola.hu', 'Balkó Ervin'),
('bal.ki@newmail.com', 'Balogh Kitti'),
('bal.ko@newmail.com', 'Balázs Kornél'),
('bala.deni@egyetem.hu', 'Balázs Denise'),
('bali.do@tesulid.hu', 'Bali Dóra'),
('balog.a@tesulid.hu', 'Balogh Ákos'),
('balog.da@pmail.com', 'Balogh Dániel'),
('bar.l@newmail.com', 'Bartos Lívia'),
('barna.ma@pmail.com', 'Barna Márk'),
('be.eva@pmail.com', 'Becsei Éva'),
('bene.adam@newmail.com', 'Benedek Ádám'),
('berkes.pet@newmail.com', 'Berkes Péter'),
('berta.benc@egyetem.hu', 'Berta Bence'),
('bi.m@xmail.com', 'Biró Márk'),
('bins.marton@egyetem.hu', 'Binszki Márton'),
('bj.el@xmail.com', 'Bjelik Ella'),
('bo.adam@egyetem.hu', 'Bódi Ádám'),
('bo.att@egyetem.hu', 'Boldog Attila'),
('bo.flo@mszc.hu', 'Bózsó Flóra'),
('bogdandi.ben@simplemail.com', 'Bogdándi Bence'),
('bohn.georgin@mszc.hu', 'Bohner Georgina'),
('bok.fan@egyetem.hu', 'Bóka Fanni'),
('bok.kit@egyetem.hu', 'Bóka Kitti'),
('bor.marce@simplemail.com', 'Bor Marcell'),
('borcsok.p@newmail.com', 'Börcsök Petra'),
('borhy.d@newmail.com', 'Borhy Dávid'),
('borsi.eni@simplemail.com', 'Borsi Eniko'),
('bozok.a@newmail.com', 'Bozóki Áron'),
('briber.erik@iskola.hu', 'Briber Erik'),
('buda.emese@pmail.com', 'Budai Emese'),
('bus.oli@egyetem.hu', 'Bús Olivér'),
('buzog.b@pmail.com', 'Buzogány Brigitta'),
('c.abonyi@newmail.com', 'Csíszár Abonyi'),
('c.andras@simplemail.com', 'Csete András'),
('c.cs@egyetem.hu', 'Czifra Csilla'),
('c.zsofi@tesulid.hu', 'Csúcs Zsófia'),
('csele.beata@mszc.hu', 'Cselédes Beáta'),
('csis.pe@egyetem.hu', 'Csiszár Petra'),
('cso.imol@xmail.com', 'Csóti Imola'),
('cso.szebasz@pmail.com', 'Csonka Szebasztián'),
('csonk.san@egyetem.hu', 'Csonka Sándor'),
('csonka.borba@egyetem.hu', 'Csonka Borbála'),
('csurgo.fann@egyetem.hu', 'Csurgó Fanni'),
('curle.mercedesz@egyetem.hu', 'Curley Mercédesz'),
('czako.agnes@newmail.com', 'Czakó Ágnes'),
('cze.andras@tesulid.hu', 'Czékus András'),
('czibul.pet@egyetem.hu', 'Czibula Petra'),
('d.kris@tesulid.hu', 'Dóka Kristóf'),
('d.kriszt@egyetem.hu', 'Dömötör Krisztián'),
('d.p@simplemail.com', 'Darvasi Pál'),
('dar.vera@simplemail.com', 'Darvasi Veronika'),
('da.d@tesulid.hu', 'Dán Dorottya'),
('dani.re@iskola.hu', 'Dani Réka'),
('de.cs@egyetem.hu', 'Deák Csilla'),
('decso.pa@egyetem.hu', 'Decsov Patrik'),
('dekan.barbar@pmail.com', 'Dékány Barbara'),
('dekan.li@mszc.hu', 'Dékány Lili'),
('dillma.blan@iskola.hu', 'Dillmann Blanka'),
('dori.k@mszc.hu', 'Dóri Katalin'),
('du.pe@simplemail.com', 'Dudás Péter'),
('eberh.li@xmail.com', 'Éberhardt Lilla'),
('ele.julia@simplemail.com', 'Elek Júlia'),
('er.flo@newmail.com', 'Erdélyi Flóra'),
('er.m@iskola.hu', 'Erdei Martin'),
('erdely.attila@mszc.hu', 'Erdélyi Attila'),
('f.davi@tesulid.hu', 'Fábián Dávid'),
('fa.ad@egyetem.hu', 'Fábián Ádám'),
('fa.ki@xmail.com', 'Farkas Kinga'),
('farkas.ani@simplemail.com', 'Farkas Anikó'),
('farkas.bibo@iskola.hu', 'Farkas Bíborka'),
('fe.t@tesulid.hu', 'Fehér Tamás'),
('feher.dorotty@pmail.com', 'Fehér Dorottya'),
('feke.ingrid@simplemail.com', 'Fekete Ingrid'),
('feket.ni@simplemail.com', 'Fekete Nikolett'),
('fekete.mate@mszc.hu', 'Fekete Máté'),
('fic.ak@egyetem.hu', 'Ficker Ákos'),
('fo.mark@egyetem.hu', 'Földeák Márk'),
('fodor.lilla@egyetem.hu', 'Fodor Lilla'),
('frohlic.cinti@egyetem.hu', 'Fröhlich Cintia'),
('furcht.andrea@newmail.com', 'Fürcht Andrea'),
('furto.benjam@newmail.com', 'Fürtön Benjamin'),
('fuze.ev@egyetem.hu', 'Füzesi Evelin'),
('g.an@egyetem.hu', 'Gyulai Andrea'),
('g.ba@tesulid.hu', 'Gyurcsik Balázs'),
('g.e@egyetem.hu', 'Golhovics Edina'),
('g.gergel@mszc.hu', 'Gudmann Gergely'),
('g.macsai@iskola.hu', 'Gera Mácsai'),
('g.zsofi@egyetem.hu', 'Gergely Zsófia'),
('garai.d@mszc.hu', 'Garai Dóra'),
('gardi.szab@iskola.hu', 'Gardi Szabolcs'),
('geme.b@iskola.hu', 'Gémes Bin'),
('gerge.kri@egyetem.hu', 'Gergely Krisztián'),
('go.vi@tesulid.hu', 'Godó Viola'),
('gor.anna@mszc.hu', 'Görög Anna'),
('gort.laszl@simplemail.com', 'Gortva László'),
('gosi.f@egyetem.hu', 'Gősi Fanni'),
('gozon.ar@iskola.hu', 'Gózon Áron'),
('gro.kit@egyetem.hu', 'Grosz Kitti'),
('gy.z@egyetem.hu', 'Gyuris Zsófia'),
('gyi.ge@tesulid.hu', 'Gyimóthi Gergő'),
('gyo.g@egyetem.hu', 'Győri Gergő'),
('gyorg.ag@egyetem.hu', 'György Ágnes'),
('h.ann@pmail.com', 'Háló Anna'),
('h.gergely@pmail.com', 'Horváth Gergely'),
('h.liv@tesulid.hu', 'Haskó Lívia'),
('ha.biank@newmail.com', 'Harkai Bianka'),
('ha.rober@egyetem.hu', 'Haracska Róbert'),
('hal.patr@xmail.com', 'Halasi Patrik'),
('halk.d@xmail.com', 'Halkó Dániel'),
('har.ad@tesulid.hu', 'Hartauer Ádám'),
('haran.diana@egyetem.hu', 'Harangozó Diána'),
('heged.an@simplemail.com', 'Hegedüs Annabella'),
('hegy.nett@xmail.com', 'Hegyközi Netti'),
('hev.em@iskola.hu', 'Hevesi Emil'),
('ho.botond@egyetem.hu', 'Hollós Botond'),
('ho.do@tesulid.hu', 'Hódi Dóra'),
('horv.mon@iskola.hu', 'Horváth Mónika'),
('horva.mar@mszc.hu', 'Horváth Márta'),
('horvat.dora@newmail.com', 'Horváth Dóra'),
('horvath.s@newmail.com', 'Horváth Szabrina'),
('hrotk.leat@newmail.com', 'Hrotkó Leatitia'),
('i.bence@tesulid.hu', 'Igaz Bence'),
('iva.dan@xmail.com', 'Iváncsics Dániel'),
('ivan.ber@tesulid.hu', 'Iván Bertalan'),
('j.d@mszc.hu', 'Joó Dániel'),
('j.hun@xmail.com', 'Janó Hunor'),
('j.kristo@pmail.com', 'Juhász Kristóf'),
('j.zo@newmail.com', 'Jójárt Zoltán'),
('j.zoltan@iskola.hu', 'Jenovai Zoltán'),
('ja.b@newmail.com', 'Janó Bence'),
('jak.g@pmail.com', 'Jakus Gábor'),
('jaku.k@tesulid.hu', 'Jakus Kata'),
('jano.p@simplemail.com', 'Jánosi Patrik'),
('jo.eveli@pmail.com', 'Jónás Evelin'),
('juha.viktoria@egyetem.hu', 'Juhász Viktória'),
('juhas.gab@simplemail.com', 'Juhász Gábor'),
('juhasz-szel.da@iskola.hu', 'Juhász-Szeles Dániel'),
('k.ildik@egyetem.hu', 'Kampler Ildikó'),
('k.ja@mszc.hu', 'Kozma János'),
('k.kri@newmail.com', 'Kómár Kristóf'),
('k.o@egyetem.hu', 'Kecskés Örs'),
('k.pau@newmail.com', 'Király Paul'),
('k.z@egyetem.hu', 'Kádár Zsófia'),
('k.zolt@iskola.hu', 'Karácsonyi Zoltán'),
('k.zsolt@xmail.com', 'Keresztúri Zsolt'),
('ka.lidi@egyetem.hu', 'Kazi Lídia'),
('kado.a@tesulid.hu', 'Kadocsa André'),
('kah.m@tesulid.hu', 'Kahr Máté'),
('kak.timea@egyetem.hu', 'Kakuszi Tímea'),
('kal.valentina@egyetem.hu', 'Kálmán Valentina'),
('kap.timea@newmail.com', 'Kapros Tímea'),
('kard.davi@simplemail.com', 'Kardos Dávid'),
('kardo.a@iskola.hu', 'Kardos Anikó'),
('kardo.ge@pmail.com', 'Kardos Gergo'),
('karp.anna@newmail.com', 'Kárpáti Anna'),
('katon.marton@pmail.com', 'Katona Márton'),
('keleme.sara@newmail.com', 'Kelemen Sára'),
('kereszturi.ada@mszc.hu', 'Keresztúri Ádám'),
('ki.adel@xmail.com', 'Kiss Adél'),
('ki.an@simplemail.com', 'Kiss Anett'),
('ki.zoltan@xmail.com', 'Kiss Zoltán'),
('kincs.klau@iskola.hu', 'Kincses Klaudia'),
('kis.kr@tesulid.hu', 'Kiss Kristóf'),
('kis.oliver@newmail.com', 'Kiss Olivér'),
('kiss.dzsen@egyetem.hu', 'Kiss Dzsenifer'),
('ko.kis@egyetem.hu', 'Kothencz Kis'),
('ko.levente@mszc.hu', 'Korbai Levente'),
('ko.tu@newmail.com', 'Kovács Tünde'),
('kocsis-savan.tam@mszc.hu', 'Kocsis-Savanya Tamás'),
('kon.li@egyetem.hu', 'Kónya Lilla'),
('konda.b@simplemail.com', 'Kondász Balázs'),
('kor.no@egyetem.hu', 'Környei Noémi'),
('korp.gell@newmail.com', 'Korpa Gellért'),
('kortvelyesi.fran@mszc.hu', 'Körtvélyesi Franciska'),
('kos.erik@xmail.com', 'Kószó Erik'),
('koszo.ev@iskola.hu', 'Kószó Éva'),
('kov.noemi@pmail.com', 'Kovács Noémi'),
('kov.r@egyetem.hu', 'Kövi Réka'),
('kova.aron@egyetem.hu', 'Kovács Áron'),
('kova.gab@simplemail.com', 'Kovács Gábor'),
('kovacs.pe@iskola.hu', 'Kovács Petra'),
('kovacs.tam@newmail.com', 'Kovács Tamás'),
('kra.tama@xmail.com', 'Krajkó Tamara'),
('ku.aurel@tesulid.hu', 'Kuznyecov Aurélia'),
('l.dian@newmail.com', 'Lévay Diána'),
('l.ge@tesulid.hu', 'Lipták Géza'),
('la.ge@egyetem.hu', 'Lázár Gergely'),
('laue.cs@tesulid.hu', 'Lauer Csilla'),
('le.g@mszc.hu', 'Lee Gábor'),
('le.melitta@xmail.com', 'Lehoczky Melitta'),
('lehoc.lasz@egyetem.hu', 'Lehóczky László'),
('leind.kata@pmail.com', 'Leindler Kata'),
('leng.l@mszc.hu', 'Lengyel László'),
('leng.mate@pmail.com', 'Lengyel Máté'),
('leng.veron@mszc.hu', 'Lengyel Veronika'),
('lengyel.domi@newmail.com', 'Lengyel Dominika'),
('levai.zs@egyetem.hu', 'Lévai Zsolt'),
('lo.a@egyetem.hu', 'Lóczi Ádám'),
('losoncz.brigitta@egyetem.hu', 'Losonczi Brigitta'),
('lu.adam@egyetem.hu', 'Lucza Ádám'),
('lukacs.pe@newmail.com', 'Lukács Petra'),
('m.ann@mszc.hu', 'Molnár Anna'),
('m.bal@tesulid.hu', 'Molnár Balázs'),
('m.benja@egyetem.hu', 'Molnár Benjamin'),
('m.h@iskola.hu', 'Malatinszky Hanna'),
('m.k@tesulid.hu', 'Martin Kamilla'),
('m.tam@pmail.com', 'Molnár Tamás'),
('m.zsofia@tesulid.hu', 'Macaberidze Zsófia'),
('ma.kristo@pmail.com', 'Marinkov Kristóf'),
('ma.le@xmail.com', 'Majoros Levente'),
('ma.patrik@newmail.com', 'Mayer Patrik'),
('maj.dorotty@tesulid.hu', 'Major Dorottya'),
('mak.mat@tesulid.hu', 'Makra Máté'),
('maro.o@xmail.com', 'Marosi Orsolya'),
('me.fere@egyetem.hu', 'Mészáros Ferenc'),
('me.re@newmail.com', 'Mészáros Rebeka'),
('mesz.dani@iskola.hu', 'Mészáros Dániel'),
('mesza.evelyn@xmail.com', 'Mészáros Evelyn'),
('mi.ani@newmail.com', 'Mikite Anikó'),
('mik.f@tesulid.hu', 'Mikula Ferenc'),
('mili.roland@egyetem.hu', 'Militár Roland'),
('mo.barnaba@tesulid.hu', 'Molnár Barnabás'),
('molna.k@newmail.com', 'Molnár Kata'),
('mor.pe@newmail.com', 'Móri Péter'),
('n.balaz@egyetem.hu', 'Nemes-Nagy Balázs'),
('na.szabo@iskola.hu', 'Nagy Szabolcs'),
('nadu.dian@pmail.com', 'Nádudvari Diána'),
('nag.do@egyetem.hu', 'Nagy Dóra'),
('nag.gabor@mszc.hu', 'Nagy Gábor'),
('nagy.mila@iskola.hu', 'Nagy Milán'),
('nem.dani@egyetem.hu', 'Németh Dániel'),
('neme.eszte@xmail.com', 'Német Eszter'),
('nemes.kitt@egyetem.hu', 'Nemes Kitti'),
('nemet.a@pmail.com', 'Németh Ákos'),
('nemet.dora@simplemail.com', 'Németh Dóra'),
('neupert.a@egyetem.hu', 'Neupert Ágota'),
('no.eszter@pmail.com', 'Nosztáni Eszter'),
('o.hor@xmail.com', 'Olasz Horváth'),
('o.l@egyetem.hu', 'Ondrik Luca'),
('odo.dominika@mszc.hu', 'Ódor Dominika'),
('on.marton@xmail.com', 'Ónodi Márton'),
('onodi.bar@newmail.com', 'Ónodi Barbara'),
('or.fanni@xmail.com', 'Országh Fanni'),
('orban.z@pmail.com', 'Orbán Zsuzsanna'),
('p.bal@egyetem.hu', 'Péter Balázs'),
('p.dora@pmail.com', 'Piti Dóra'),
('p.kinc@iskola.hu', 'Papp Kincso'),
('p.nikolett@iskola.hu', 'Pop Nikolett'),
('pa.bo@newmail.com', 'Paska Boglárka'),
('pa.t@mszc.hu', 'Pásztor Tibor'),
('palf.kriszti@newmail.com', 'Pálfi Krisztián'),
('palko.lilla@newmail.com', 'Palkó Lilla'),
('pap.lili@pmail.com', 'Papp Lili'),
('paszt.jo@iskola.hu', 'Pászti József'),
('pat.im@tesulid.hu', 'Patyi Imola'),
('pata.g@mszc.hu', 'Pataki Georgina'),
('pere.ma@xmail.com', 'Peregi Márk'),
('pes.t@newmail.com', 'Pesti Tamás'),
('pign.mi@xmail.com', 'Pigniczki Mihály'),
('pint.kat@simplemail.com', 'Pintér Kata'),
('pinter.hajn@simplemail.com', 'Pintér Hajnalka'),
('pinter.zsofi@xmail.com', 'Pintér Zsófia'),
('po.andre@egyetem.hu', 'Polestyuk Andrea'),
('po.b@newmail.com', 'Pokornyi Bence'),
('polane.szi@newmail.com', 'Polanek Szilárd'),
('polga.emil@newmail.com', 'Polgár Emil'),
('pomu.viktor@iskola.hu', 'Pomucz Viktória'),
('pop.csa@mszc.hu', 'Popál Csaba'),
('pop.davi@pmail.com', 'Pópity Dávid'),
('pus.rek@simplemail.com', 'Puskás Réka'),
('puski.e@egyetem.hu', 'Püski Eszter'),
('r.ferenc@newmail.com', 'Rácz Ferenc'),
('r.zol@egyetem.hu', 'Rácz Zoltána'),
('r.zs@egyetem.hu', 'Réti Zsanett'),
('rab.kitt@egyetem.hu', 'Rabi Kitti'),
('rabi.do@iskola.hu', 'Rabi Dóra'),
('rad.ma@egyetem.hu', 'Rádi Márton'),
('rad.v@xmail.com', 'Radócz Viola'),
('ratk.miklos@newmail.com', 'Rátkai Miklós'),
('re.ben@simplemail.com', 'Réti Bence'),
('rede.b@tesulid.hu', 'Redenczki Bence'),
('rep.jano@simplemail.com', 'Répássy János'),
('rest.ki@xmail.com', 'Restye Kitti'),
('reszegi.a@mszc.hu', 'Reszegi Ágnes'),
('ro.re@mszc.hu', 'Rónai Réka'),
('rovid.i@newmail.com', 'Rövid Ildikó'),
('ruzs.re@egyetem.hu', 'Rúzsa Renáta'),
('s.endre@egyetem.hu', 'Selmeci Endre'),
('s.gog@mszc.hu', 'Szabó Goga'),
('s.kat@newmail.com', 'Sztupovszki Kata'),
('s.mari@egyetem.hu', 'Széll Mariann'),
('s.pete@xmail.com', 'Szabó Péter'),
('sa.zso@xmail.com', 'Sándor Zsófia'),
('sall.agne@egyetem.hu', 'Sallai Ágnes'),
('sandor.f@pmail.com', 'Sándorfi Fanni'),
('sarnyai.r@egyetem.hu', 'Sarnyai Réka'),
('schaub.em@xmail.com', 'Schaub Emese'),
('si.v@simplemail.com', 'Simon Viktor'),
('si.z@egyetem.hu', 'Sípos Zsombor'),
('simensz.e@pmail.com', 'Simenszky Endre'),
('sipo.karin@egyetem.hu', 'Sipos Karina'),
('sisa.ger@mszc.hu', 'Sisák Gergo'),
('so.regina@pmail.com', 'Sós Regina'),
('somlyai.k@xmail.com', 'Somlyai Krisztina'),
('sz.a@iskola.hu', 'Szántó Ádám'),
('sz.e@egyetem.hu', 'Szövo Éva'),
('sz.fl@simplemail.com', 'Szabó Flóra'),
('sz.mate@iskola.hu', 'Szalai Máté'),
('sz.ti@newmail.com', 'Szabó Tímea'),
('sza.danie@xmail.com', 'Szabó Dániel'),
('sza.danie@egyetem.hu', 'Szántó Dániel'),
('szabo.a@simplemail.com', 'Szabó Adél'),
('szabo.do@pmail.com', 'Szabó Dóra'),
('szabo.rolan@egyetem.hu', 'Szabó Roland'),
('szecsi.viktor@iskola.hu', 'Szécsi Viktor'),
('szek.marta@pmail.com', 'Szekeres Márta'),
('szer.be@egyetem.hu', 'Szerencse Bernadett'),
('szil.g@mszc.hu', 'Szilasi Gergely'),
('sziran.klaudia@egyetem.hu', 'Szirányi Klaudia'),
('szobo.mart@simplemail.com', 'Szoboszlai Martin'),
('szogi.d@simplemail.com', 'Szögi Dóra'),
('szol.rek@pmail.com', 'Szolga Réka'),
('szovi.reka@pmail.com', 'Szovics Réka'),
('szporn.z@newmail.com', 'Szporny Zsófia'),
('szu.mat@egyetem.hu', 'Szűcs Máté'),
('szuc.it@tesulid.hu', 'Szűcs Itván'),
('szucs.leve@iskola.hu', 'Szűcs Levente'),
('szucs.zi@newmail.com', 'Szűcs Zita'),
('t.a@newmail.com', 'Takó Anett'),
('t.ali@mszc.hu', 'Tóth Alíz'),
('t.kata@newmail.com', 'Tóth Kata'),
('t.katinka@tesulid.hu', 'Takács Katinka'),
('t.noemi@egyetem.hu', 'Tímár Noémi'),
('t.s@xmail.com', 'Temesvári Sára'),
('t.tama@mszc.hu', 'Túri Tamás'),
('ta.e@xmail.com', 'Tarnai Éva'),
('ta.gr@newmail.com', 'Tari Gréta'),
('takacs.m@xmail.com', 'Takács Melitta'),
('talosi.bar@xmail.com', 'Tálosi Barnabás'),
('tanacs.eva@pmail.com', 'Tanács Éva'),
('tapa.mate@newmail.com', 'Tápai Máté'),
('tar.g@xmail.com', 'Tari Gábor'),
('tari.d@egyetem.hu', 'Tari Dominika'),
('tarkany.lilla@egyetem.hu', 'Tárkány Lilla'),
('te.alexa@newmail.com', 'Teknős Alexandra'),
('tichy.gabrie@egyetem.hu', 'Tichy Gabriella'),
('to.beatrix@tesulid.hu', 'Tóth Beatrix'),
('to.davi@newmail.com', 'Toldi Dávid'),
('to.mar@newmail.com', 'Török Mária'),
('to.t@newmail.com', 'Tóth Tímea'),
('tolnai.a@xmail.com', 'Tolnai Andor'),
('tom.a@pmail.com', 'Tomka Alíz'),
('tor.benc@newmail.com', 'Török Bence'),
('toro.v@simplemail.com', 'Török Vivien'),
('tot.b@iskola.hu', 'Tóth Beatrix'),
('tot.bal@pmail.com', 'Tóth Bálint'),
('tot.dor@pmail.com', 'Tóth Dóra'),
('tot.eniko@egyetem.hu', 'Tótváradi Eniko'),
('tot.zs@iskola.hu', 'Tóth Zsófia'),
('toth.b@tesulid.hu', 'Tóth Bernadett'),
('toth.barbara@newmail.com', 'Tóth Barbara'),
('toth.petr@xmail.com', 'Tóth Petra'),
('toth.r@iskola.hu', 'Tóth Réka'),
('troj.es@tesulid.hu', 'Trója Eszter'),
('turcs.ni@mszc.hu', 'Turcsi Nikolett'),
('turz.no@egyetem.hu', 'Turzó Nóra'),
('ungar.vi@mszc.hu', 'Ungár Viktória'),
('ungi.atti@newmail.com', 'Ungi Attila'),
('v.david@newmail.com', 'Varjas Dávid'),
('v.n@tesulid.hu', 'Verboczi Nikolett'),
('v.r@pmail.com', 'Váradi Rebeka'),
('va.alina@egyetem.hu', 'Varga Alina'),
('va.d@pmail.com', 'Varga Dávid'),
('vad.pet@newmail.com', 'Vadász Petra'),
('vadaszan.kristof@simplemail.com', 'Vadaszán Kristóf'),
('var.b@newmail.com', 'Varga Blanka'),
('varg.e@pmail.com', 'Varga Edit'),
('varg.en@simplemail.com', 'Varga Eniko'),
('varg.ma@iskola.hu', 'Varga Márk'),
('varga.nikolett@egyetem.hu', 'Varga Nikolett'),
('vas.zs@xmail.com', 'Vastag Zsófia'),
('vass.mi@egyetem.hu', 'Vass Mihály'),
('ve.a@iskola.hu', 'Veres Andrea'),
('ve.l@simplemail.com', 'Velez Lili'),
('vekety.lill@tesulid.hu', 'Vekety Lilla'),
('vilo.e@newmail.com', 'Vilonya Evelin'),
('vince.kris@pmail.com', 'Vince Krisztina'),
('vincz.an@egyetem.hu', 'Vincze Anna'),
('vinko.fan@tesulid.hu', 'Vinkó Fanny'),
('vir.no@newmail.com', 'Virág Noémi'),
('vitali.c@newmail.com', 'Vitális Csenge'),
('vo.barna@egyetem.hu', 'Vörös Barna'),
('w.bia@newmail.com', 'Wenner Bianka'),
('w.dani@pmail.com', 'Welsz Dániel'),
('w.karo@egyetem.hu', 'Weichelt Károly'),
('zar.laura@egyetem.hu', 'Zárol Laura'),
('zele.anita@simplemail.com', 'Zelena Anita');

INSERT INTO listatag VALUES
('laue.cs@tesulid.hu', 'magyar', '2016-05-01 13:49:34', '2018-08-23 12:00:56'),
('sza.danie@xmail.com', 'biológia', '2016-05-02 02:37:09', '2017-05-06 10:30:05'),
('ko.tu@newmail.com', 'angol', '2016-05-03 01:58:09', '2017-10-14 12:10:20'),
('m.bal@tesulid.hu', 'angol', '2016-05-03 02:35:20', NULL),
('buda.emese@pmail.com', 'biológia', '2016-05-03 17:33:36', NULL),
('vinko.fan@tesulid.hu', 'fizika', '2016-05-03 20:07:33', '2016-12-08 14:10:55'),
('feket.ni@simplemail.com', 'földrajz', '2016-05-04 05:10:53', '2018-04-28 01:00:56'),
('i.bence@tesulid.hu', 'német', '2016-05-04 10:49:17', NULL),
('kardo.a@iskola.hu', 'német', '2016-05-04 15:45:02', '2018-06-29 22:11:23'),
('kap.timea@newmail.com', 'filozófia', '2016-05-05 01:49:53', NULL),
('lukacs.pe@newmail.com', 'kémia', '2016-05-07 00:26:08', '2017-07-07 13:09:49'),
('abr.patri@mszc.hu', 'filozófia', '2016-05-07 00:35:56', NULL),
('gozon.ar@iskola.hu', 'biológia', '2016-05-07 21:49:32', NULL),
('ta.e@xmail.com', 'földrajz', '2016-05-07 22:29:50', NULL),
('c.andras@simplemail.com', 'történelem', '2016-05-08 14:09:26', '2016-06-16 11:38:49'),
('konda.b@simplemail.com', 'matematika', '2016-05-10 00:48:44', NULL),
('har.ad@tesulid.hu', 'angol', '2016-05-10 01:20:01', '2017-06-29 11:14:35'),
('czako.agnes@newmail.com', 'filozófia', '2016-05-10 05:52:35', '2016-06-11 00:57:14'),
('farkas.bibo@iskola.hu', 'magyar', '2016-05-11 13:27:21', '2018-06-16 22:31:06'),
('o.hor@xmail.com', 'angol', '2016-05-11 14:04:33', '2017-10-06 13:26:45'),
('horvat.dora@newmail.com', 'angol', '2016-05-11 20:59:48', '2017-03-31 10:56:18'),
('sipo.karin@egyetem.hu', 'filozófia', '2016-05-12 07:10:51', NULL),
('szucs.leve@iskola.hu', 'matematika', '2016-05-12 13:52:30', NULL),
('varg.en@simplemail.com', 'fizika', '2016-05-12 18:22:52', NULL),
('to.t@newmail.com', 'matematika', '2016-05-12 23:03:40', NULL),
('m.ann@mszc.hu', 'biológia', '2016-05-13 01:07:39', NULL),
('cze.andras@tesulid.hu', 'kémia', '2016-05-13 11:55:35', '2017-11-11 17:54:31'),
('le.melitta@xmail.com', 'fizika', '2016-05-13 23:16:54', NULL),
('ki.adel@xmail.com', 'történelem', '2016-05-14 01:40:16', NULL),
('s.kat@newmail.com', 'történelem', '2016-05-14 07:51:07', NULL),
('vo.barna@egyetem.hu', 'angol', '2016-05-14 12:09:02', '2017-06-13 02:03:00'),
('nag.do@egyetem.hu', 'matematika', '2016-05-14 19:50:36', '2016-12-23 05:39:46'),
('kra.tama@xmail.com', 'informatika', '2016-05-16 01:34:02', '2018-02-17 12:01:47'),
('rad.ma@egyetem.hu', 'történelem', '2016-05-16 21:26:28', NULL),
('va.d@pmail.com', 'magyar', '2016-05-17 10:31:47', NULL),
('a.z@pmail.com', 'német', '2016-05-17 16:02:16', NULL),
('bali.do@tesulid.hu', 'magyar', '2016-05-17 23:07:17', NULL),
('palko.lilla@newmail.com', 'német', '2016-05-18 04:08:01', NULL),
('vad.pet@newmail.com', 'biológia', '2016-05-18 04:13:52', '2016-11-15 07:01:06'),
('csonka.borba@egyetem.hu', 'informatika', '2016-05-19 14:55:55', NULL),
('konda.b@simplemail.com', 'informatika', '2016-05-21 05:01:27', '2017-02-29 23:12:08'),
('bins.marton@egyetem.hu', 'informatika', '2016-05-21 15:41:44', '2017-04-17 08:14:12'),
('horvath.s@newmail.com', 'kémia', '2016-05-21 22:38:33', '2017-07-04 01:19:52'),
('rovid.i@newmail.com', 'kémia', '2016-05-22 05:29:23', '2017-09-07 03:40:20'),
('m.bal@tesulid.hu', 'filozófia', '2016-05-22 13:33:10', '2018-07-28 17:38:39'),
('bar.l@newmail.com', 'biológia', '2016-05-22 16:45:03', '2016-06-06 22:40:04'),
('gerge.kri@egyetem.hu', 'fizika', '2016-05-23 06:59:23', NULL),
('juha.viktoria@egyetem.hu', 'fizika', '2016-05-23 10:58:49', '2017-01-19 01:50:45'),
('vitali.c@newmail.com', 'filozófia', '2016-05-23 15:10:27', NULL),
('c.zsofi@tesulid.hu', 'német', '2016-05-24 00:54:02', '2016-11-14 09:57:43'),
('go.vi@tesulid.hu', 'informatika', '2016-05-25 07:33:17', '2017-01-09 08:58:04'),
('levai.zs@egyetem.hu', 'filozófia', '2016-05-25 21:39:25', NULL),
('polane.szi@newmail.com', 'filozófia', '2016-05-27 16:42:46', NULL),
('nadu.dian@pmail.com', 'fizika', '2016-05-27 23:49:59', NULL),
('to.beatrix@tesulid.hu', 'matematika', '2016-05-28 02:25:14', NULL),
('sz.a@iskola.hu', 'fizika', '2016-05-28 18:28:15', '2018-04-22 14:04:41'),
('sz.fl@simplemail.com', 'biológia', '2016-05-28 21:19:30', '2017-02-21 08:27:52'),
('buzog.b@pmail.com', 'magyar', '2016-05-31 08:00:48', NULL),
('c.andras@simplemail.com', 'angol', '2016-05-31 11:46:55', NULL),
('kon.li@egyetem.hu', 'földrajz', '2016-06-01 10:05:39', NULL),
('a.orsoly@xmail.com', 'filozófia', '2016-06-02 20:01:48', '2017-01-05 16:13:41'),
('kor.no@egyetem.hu', 'fizika', '2016-06-03 20:27:06', '2017-10-06 11:59:44'),
('hrotk.leat@newmail.com', 'filozófia', '2016-06-05 16:49:18', '2017-11-01 01:53:34'),
('sz.a@iskola.hu', 'angol', '2016-06-05 21:40:22', NULL),
('pinter.zsofi@xmail.com', 'matematika', '2016-06-05 23:08:24', NULL),
('g.ba@tesulid.hu', 'magyar', '2016-06-06 04:56:01', NULL),
('d.p@simplemail.com', 'angol', '2016-06-06 09:13:16', NULL),
('bene.adam@newmail.com', 'filozófia', '2016-06-07 05:06:18', '2018-08-21 04:20:07'),
('bi.m@xmail.com', 'matematika', '2016-06-07 08:35:12', NULL),
('ro.re@mszc.hu', 'matematika', '2016-06-07 15:48:12', '2018-01-27 11:53:10'),
('onodi.bar@newmail.com', 'fizika', '2016-06-08 23:26:05', '2018-09-05 18:05:51'),
('vitali.c@newmail.com', 'matematika', '2016-06-09 15:13:03', '2017-08-06 12:21:41'),
('kra.tama@xmail.com', 'filozófia', '2016-06-10 15:02:00', NULL),
('er.m@iskola.hu', 'matematika', '2016-06-10 15:31:36', '2017-08-31 20:53:06'),
('horva.mar@mszc.hu', 'biológia', '2016-06-10 19:32:36', NULL),
('re.ben@simplemail.com', 'magyar', '2016-06-10 19:35:23', NULL),
('sz.e@egyetem.hu', 'angol', '2016-06-11 14:47:14', NULL),
('sza.danie@xmail.com', 'angol', '2016-06-12 20:07:28', NULL),
('l.ge@tesulid.hu', 'angol', '2016-06-13 03:55:06', NULL),
('sarnyai.r@egyetem.hu', 'biológia', '2016-06-13 04:07:52', '2017-02-11 10:29:32'),
('kiss.dzsen@egyetem.hu', 'filozófia', '2016-06-13 19:07:50', '2016-08-27 05:43:13'),
('mesz.dani@iskola.hu', 'magyar', '2016-06-13 19:16:50', NULL),
('turcs.ni@mszc.hu', 'magyar', '2016-06-15 01:22:46', '2017-11-13 20:01:23'),
('l.ge@tesulid.hu', 'fizika', '2016-06-16 02:18:22', '2018-04-21 05:21:04'),
('alm.anna@pmail.com', 'angol', '2016-06-16 12:41:29', NULL),
('mesza.evelyn@xmail.com', 'kémia', '2016-06-17 23:37:55', NULL),
('pus.rek@simplemail.com', 'német', '2016-06-18 04:06:06', NULL),
('n.balaz@egyetem.hu', 'földrajz', '2016-06-18 07:15:22', '2017-05-06 12:05:56'),
('ba.patri@egyetem.hu', 'informatika', '2016-06-18 10:49:24', NULL),
('ungi.atti@newmail.com', 'filozófia', '2016-06-21 07:36:49', '2018-08-31 04:09:50'),
('gozon.ar@iskola.hu', 'filozófia', '2016-06-21 10:27:18', '2017-02-21 08:48:01'),
('fodor.lilla@egyetem.hu', 'informatika', '2016-06-22 01:12:51', '2016-09-21 02:38:28'),
('g.e@egyetem.hu', 'kémia', '2016-06-22 19:48:58', NULL),
('pinter.hajn@simplemail.com', 'földrajz', '2016-06-23 09:20:39', '2018-06-20 04:57:17'),
('ta.gr@newmail.com', 'magyar', '2016-06-23 17:18:19', '2018-09-16 07:50:42'),
('ungar.vi@mszc.hu', 'fizika', '2016-06-23 21:07:15', NULL),
('szil.g@mszc.hu', 'filozófia', '2016-06-24 01:55:09', NULL),
('kov.r@egyetem.hu', 'matematika', '2016-06-24 04:17:24', '2016-10-10 15:04:04'),
('or.fanni@xmail.com', 'német', '2016-06-24 08:39:22', NULL),
('simensz.e@pmail.com', 'angol', '2016-06-24 21:33:36', NULL),
('kis.kr@tesulid.hu', 'angol', '2016-06-26 11:10:25', NULL),
('kortvelyesi.fran@mszc.hu', 'biológia', '2016-06-26 15:54:01', NULL),
('dani.re@iskola.hu', 'biológia', '2016-06-26 19:14:11', NULL),
('pus.rek@simplemail.com', 'fizika', '2016-06-27 01:56:13', NULL),
('tot.eniko@egyetem.hu', 'kémia', '2016-06-28 01:13:14', NULL),
('juha.viktoria@egyetem.hu', 'filozófia', '2016-06-29 03:26:53', '2017-01-06 03:55:26'),
('ungi.atti@newmail.com', 'fizika', '2016-06-29 19:19:23', NULL),
('gosi.f@egyetem.hu', 'angol', '2016-06-30 03:31:09', '2018-06-11 14:47:03'),
('t.noemi@egyetem.hu', 'filozófia', '2016-06-30 15:29:29', '2016-08-05 09:16:31'),
('schaub.em@xmail.com', 'informatika', '2016-06-30 15:59:45', NULL),
('puski.e@egyetem.hu', 'kémia', '2016-06-30 23:31:46', '2017-10-02 09:57:33'),
('csonka.borba@egyetem.hu', 'kémia', '2016-07-02 05:06:30', NULL),
('pes.t@newmail.com', 'kémia', '2016-07-02 21:04:44', NULL),
('h.liv@tesulid.hu', 'filozófia', '2016-07-03 04:15:46', NULL),
('varg.ma@iskola.hu', 'földrajz', '2016-07-04 22:38:26', NULL),
('l.dian@newmail.com', 'angol', '2016-07-05 18:49:25', NULL),
('r.zol@egyetem.hu', 'matematika', '2016-07-06 22:25:52', NULL),
('nag.gabor@mszc.hu', 'informatika', '2016-07-07 03:18:03', '2017-10-09 20:45:32'),
('bal.ko@newmail.com', 'magyar', '2016-07-07 21:30:45', NULL),
('odo.dominika@mszc.hu', 'informatika', '2016-07-08 00:40:51', NULL),
('toro.v@simplemail.com', 'magyar', '2016-07-08 09:52:41', NULL),
('szuc.it@tesulid.hu', 'filozófia', '2016-07-08 16:39:37', NULL),
('pat.im@tesulid.hu', 'angol', '2016-07-09 02:59:15', NULL),
('pop.csa@mszc.hu', 'fizika', '2016-07-10 06:23:55', NULL),
('farkas.bibo@iskola.hu', 'informatika', '2016-07-10 09:20:13', NULL),
('or.fanni@xmail.com', 'magyar', '2016-07-11 07:34:13', '2018-08-07 14:41:04'),
('haran.diana@egyetem.hu', 'kémia', '2016-07-11 08:30:06', NULL),
('s.endre@egyetem.hu', 'biológia', '2016-07-11 14:50:23', NULL),
('ba.david@newmail.com', 'kémia', '2016-07-13 04:57:50', NULL),
('geme.b@iskola.hu', 'kémia', '2016-07-13 09:32:53', '2017-06-07 06:05:09'),
('pat.im@tesulid.hu', 'matematika', '2016-07-13 15:41:25', NULL),
('ta.gr@newmail.com', 'történelem', '2016-07-14 04:52:47', NULL),
('turcs.ni@mszc.hu', 'német', '2016-07-15 14:40:41', '2016-10-16 10:37:42'),
('bok.kit@egyetem.hu', 'magyar', '2016-07-15 21:36:58', '2016-08-10 14:41:35'),
('vass.mi@egyetem.hu', 'földrajz', '2016-07-15 23:14:29', '2017-08-14 16:35:04'),
('bo.flo@mszc.hu', 'földrajz', '2016-07-16 06:08:58', NULL),
('a.z@pmail.com', 'filozófia', '2016-07-16 22:38:12', NULL),
('nemet.dora@simplemail.com', 'angol', '2016-07-19 04:18:02', NULL),
('szek.marta@pmail.com', 'történelem', '2016-07-19 13:24:29', '2017-12-27 22:24:00'),
('haran.diana@egyetem.hu', 'magyar', '2016-07-21 18:58:17', NULL),
('kovacs.tam@newmail.com', 'matematika', '2016-07-23 08:19:55', NULL),
('garai.d@mszc.hu', 'informatika', '2016-07-23 11:49:45', NULL),
('koszo.ev@iskola.hu', 'német', '2016-07-23 13:46:08', '2016-11-15 00:44:57'),
('m.bal@tesulid.hu', 'magyar', '2016-07-24 03:17:33', '2018-06-05 00:55:40'),
('balog.a@tesulid.hu', 'informatika', '2016-07-24 05:59:52', '2018-01-22 16:26:49'),
('polga.emil@newmail.com', 'fizika', '2016-07-24 15:04:58', NULL),
('pint.kat@simplemail.com', 'biológia', '2016-07-24 19:07:16', '2018-09-20 10:39:04'),
('ba.szab@pmail.com', 'kémia', '2016-07-26 21:11:25', '2016-10-05 09:32:12'),
('da.d@tesulid.hu', 'filozófia', '2016-07-27 11:02:38', NULL),
('w.karo@egyetem.hu', 'történelem', '2016-07-27 17:27:43', NULL),
('korp.gell@newmail.com', 'filozófia', '2016-07-28 05:26:24', '2017-06-01 19:15:35'),
('t.noemi@egyetem.hu', 'német', '2016-07-29 18:10:34', NULL),
('fe.t@tesulid.hu', 'földrajz', '2016-07-30 03:24:13', NULL),
('r.zol@egyetem.hu', 'magyar', '2016-07-30 08:14:44', '2016-10-22 10:02:59'),
('toro.v@simplemail.com', 'földrajz', '2016-07-30 11:51:34', NULL),
('i.bence@tesulid.hu', 'magyar', '2016-07-30 13:21:30', '2016-08-11 05:48:01'),
('halk.d@xmail.com', 'német', '2016-07-30 23:33:54', '2017-07-17 07:54:13'),
('ta.gr@newmail.com', 'fizika', '2016-07-31 09:21:49', NULL),
('p.dora@pmail.com', 'földrajz', '2016-08-01 12:24:51', '2017-06-14 04:42:50'),
('levai.zs@egyetem.hu', 'német', '2016-08-01 18:38:50', NULL),
('pop.davi@pmail.com', 'kémia', '2016-08-03 14:57:12', '2016-10-26 05:21:28'),
('toth.r@iskola.hu', 'informatika', '2016-08-03 23:28:51', NULL),
('gardi.szab@iskola.hu', 'matematika', '2016-08-04 04:55:21', NULL),
('bor.marce@simplemail.com', 'földrajz', '2016-08-04 19:05:38', '2016-08-09 11:46:26'),
('levai.zs@egyetem.hu', 'informatika', '2016-08-05 05:51:12', NULL),
('on.marton@xmail.com', 'fizika', '2016-08-08 08:10:58', NULL),
('mesza.evelyn@xmail.com', 'történelem', '2016-08-08 21:15:09', NULL),
('du.pe@simplemail.com', 'kémia', '2016-08-11 12:04:19', NULL),
('k.kri@newmail.com', 'német', '2016-08-11 15:11:01', NULL),
('har.ad@tesulid.hu', 'biológia', '2016-08-11 21:20:10', NULL),
('pop.csa@mszc.hu', 'angol', '2016-08-12 10:16:33', NULL),
('leind.kata@pmail.com', 'angol', '2016-08-13 08:59:46', NULL),
('cze.andras@tesulid.hu', 'történelem', '2016-08-15 04:33:17', '2018-06-18 10:01:40'),
('rep.jano@simplemail.com', 'földrajz', '2016-08-15 14:16:45', NULL),
('v.r@pmail.com', 'filozófia', '2016-08-16 09:40:12', NULL),
('erdely.attila@mszc.hu', 'informatika', '2016-08-18 00:57:09', NULL),
('abr.patri@mszc.hu', 'német', '2016-08-18 06:16:49', NULL),
('vitali.c@newmail.com', 'angol', '2016-08-19 19:59:02', NULL),
('m.zsofia@tesulid.hu', 'magyar', '2016-08-19 20:57:11', NULL),
('w.karo@egyetem.hu', 'matematika', '2016-08-20 13:30:35', '2018-08-01 07:28:59'),
('kis.kr@tesulid.hu', 'történelem', '2016-08-20 21:17:25', '2018-03-08 19:20:24'),
('koszo.ev@iskola.hu', 'angol', '2016-08-21 17:51:18', '2017-08-08 04:21:08'),
('takacs.m@xmail.com', 'biológia', '2016-08-21 17:52:46', '2016-09-11 18:09:05'),
('bok.fan@egyetem.hu', 'filozófia', '2016-08-22 13:44:59', NULL),
('csurgo.fann@egyetem.hu', 'filozófia', '2016-08-23 20:57:50', '2018-01-21 03:46:54'),
('de.cs@egyetem.hu', 'magyar', '2016-08-23 21:37:54', NULL),
('vadaszan.kristof@simplemail.com', 'történelem', '2016-08-24 03:57:01', NULL),
('berta.benc@egyetem.hu', 'magyar', '2016-08-24 10:31:00', '2017-06-19 00:06:10'),
('gyi.ge@tesulid.hu', 'magyar', '2016-08-25 21:42:32', NULL),
('sandor.f@pmail.com', 'történelem', '2016-08-26 23:21:16', NULL),
('j.kristo@pmail.com', 'angol', '2016-08-28 23:35:46', '2018-05-03 23:34:38'),
('kak.timea@egyetem.hu', 'angol', '2016-08-29 05:15:13', '2017-06-30 06:58:41'),
('k.zolt@iskola.hu', 'magyar', '2016-08-29 06:50:14', NULL),
('csis.pe@egyetem.hu', 'filozófia', '2016-08-29 09:34:07', NULL),
('feke.ingrid@simplemail.com', 'német', '2016-08-29 15:18:39', NULL),
('t.kata@newmail.com', 'biológia', '2016-08-29 19:53:43', NULL),
('pus.rek@simplemail.com', 'matematika', '2016-08-29 21:28:21', NULL),
('sz.a@iskola.hu', 'történelem', '2016-08-30 12:10:33', '2017-11-18 23:21:43'),
('nagy.mila@iskola.hu', 'kémia', '2016-08-31 13:15:20', '2017-09-04 02:02:12'),
('toro.v@simplemail.com', 'matematika', '2016-08-31 13:59:12', NULL),
('fekete.mate@mszc.hu', 'német', '2016-08-31 16:26:27', NULL),
('turcs.ni@mszc.hu', 'történelem', '2016-08-31 22:25:05', NULL),
('l.dian@newmail.com', 'fizika', '2016-09-01 01:59:34', NULL),
('rede.b@tesulid.hu', 'filozófia', '2016-09-01 02:24:45', NULL),
('nag.do@egyetem.hu', 'történelem', '2016-09-03 08:50:25', '2018-04-19 19:08:22'),
('pinter.zsofi@xmail.com', 'földrajz', '2016-09-03 13:32:18', '2017-12-14 05:59:02'),
('t.ali@mszc.hu', 'kémia', '2016-09-03 19:34:48', '2017-07-08 01:11:36'),
('geme.b@iskola.hu', 'történelem', '2016-09-04 08:07:37', '2017-12-15 11:51:28'),
('farkas.ani@simplemail.com', 'filozófia', '2016-09-05 02:40:04', NULL),
('d.kriszt@egyetem.hu', 'informatika', '2016-09-05 05:56:40', NULL),
('polane.szi@newmail.com', 'magyar', '2016-09-05 21:35:32', NULL),
('ko.tu@newmail.com', 'matematika', '2016-09-05 21:53:40', NULL),
('jo.eveli@pmail.com', 'történelem', '2016-09-06 05:28:33', '2017-02-02 04:48:07'),
('fa.ki@xmail.com', 'földrajz', '2016-09-07 07:44:08', '2017-05-13 16:05:14'),
('mik.f@tesulid.hu', 'fizika', '2016-09-08 00:59:27', NULL),
('tot.zs@iskola.hu', 'magyar', '2016-09-08 07:13:04', NULL),
('czibul.pet@egyetem.hu', 'német', '2016-09-08 15:03:21', NULL),
('bok.kit@egyetem.hu', 'német', '2016-09-08 21:13:13', '2016-12-29 18:29:26'),
('nagy.mila@iskola.hu', 'földrajz', '2016-09-09 16:50:59', '2016-10-23 05:40:36'),
('gosi.f@egyetem.hu', 'német', '2016-09-11 10:23:38', '2018-05-02 21:27:09'),
('dani.re@iskola.hu', 'német', '2016-09-12 04:52:54', NULL),
('balog.a@tesulid.hu', 'matematika', '2016-09-12 11:28:55', '2018-03-17 07:14:07'),
('s.pete@xmail.com', 'fizika', '2016-09-13 06:41:37', '2017-12-14 05:52:12'),
('dar.vera@simplemail.com', 'filozófia', '2016-09-15 16:13:39', NULL),
('haran.diana@egyetem.hu', 'informatika', '2016-09-15 18:54:12', '2017-10-13 00:41:05'),
('b.d@iskola.hu', 'angol', '2016-09-16 22:04:18', NULL),
('laue.cs@tesulid.hu', 'matematika', '2016-09-16 23:41:29', NULL),
('er.flo@newmail.com', 'matematika', '2016-09-17 07:33:40', NULL),
('rest.ki@xmail.com', 'biológia', '2016-09-18 04:46:05', '2018-07-21 20:17:27'),
('p.bal@egyetem.hu', 'matematika', '2016-09-18 06:58:05', '2018-08-25 18:36:25'),
('cso.imol@xmail.com', 'angol', '2016-09-19 22:38:48', NULL),
('gyi.ge@tesulid.hu', 'földrajz', '2016-09-20 18:57:01', NULL),
('feke.ingrid@simplemail.com', 'filozófia', '2016-09-21 01:51:32', '2018-01-16 18:52:04'),
('bal.ko@newmail.com', 'fizika', '2016-09-21 04:35:33', '2018-03-04 06:12:48'),
('toro.v@simplemail.com', 'történelem', '2016-09-21 05:48:41', '2017-04-19 15:10:36'),
('kov.noemi@pmail.com', 'történelem', '2016-09-21 12:27:28', NULL),
('avramuc.gabo@egyetem.hu', 'földrajz', '2016-09-21 12:38:40', '2017-06-06 06:29:27'),
('mo.barnaba@tesulid.hu', 'német', '2016-09-22 14:52:05', NULL),
('jaku.k@tesulid.hu', 'informatika', '2016-09-24 05:59:17', NULL),
('vilo.e@newmail.com', 'informatika', '2016-09-24 10:21:08', '2016-10-29 17:32:28'),
('pop.davi@pmail.com', 'német', '2016-09-24 12:58:16', NULL),
('k.o@egyetem.hu', 'angol', '2016-09-25 16:44:05', NULL),
('szuc.it@tesulid.hu', 'matematika', '2016-09-25 23:45:29', '2018-03-10 13:32:03'),
('nadu.dian@pmail.com', 'biológia', '2016-09-26 01:59:16', '2016-09-29 09:46:03'),
('ki.adel@xmail.com', 'földrajz', '2016-09-26 07:01:51', NULL),
('a.and@egyetem.hu', 'angol', '2016-09-26 11:00:05', NULL),
('neme.eszte@xmail.com', 'matematika', '2016-09-27 02:11:24', NULL),
('pata.g@mszc.hu', 'angol', '2016-09-27 03:20:20', NULL),
('csonka.borba@egyetem.hu', 'filozófia', '2016-09-27 04:55:07', NULL),
('p.kinc@iskola.hu', 'informatika', '2016-09-27 09:12:18', '2017-12-25 02:57:28'),
('go.vi@tesulid.hu', 'fizika', '2016-09-27 17:39:42', NULL),
('on.marton@xmail.com', 'filozófia', '2016-09-27 20:39:10', '2017-12-01 17:39:04'),
('sz.a@iskola.hu', 'magyar', '2016-09-29 01:34:33', NULL),
('kon.li@egyetem.hu', 'informatika', '2016-09-29 02:23:11', NULL),
('po.b@newmail.com', 'magyar', '2016-09-29 19:14:29', NULL),
('onodi.bar@newmail.com', 'kémia', '2016-09-29 22:30:34', '2017-06-25 14:07:23'),
('de.cs@egyetem.hu', 'földrajz', '2016-09-30 00:36:16', NULL),
('gyo.g@egyetem.hu', 'angol', '2016-09-30 10:52:32', NULL),
('borsi.eni@simplemail.com', 'filozófia', '2016-10-01 10:03:08', NULL),
('ha.rober@egyetem.hu', 'informatika', '2016-10-03 15:21:15', NULL),
('bene.adam@newmail.com', 'angol', '2016-10-05 21:41:44', NULL),
('konda.b@simplemail.com', 'fizika', '2016-10-05 22:09:44', NULL),
('varga.nikolett@egyetem.hu', 'magyar', '2016-10-05 22:10:57', NULL),
('sz.ti@newmail.com', 'földrajz', '2016-10-06 09:47:57', NULL),
('ba.david@newmail.com', 'filozófia', '2016-10-06 14:12:57', NULL),
('sandor.f@pmail.com', 'informatika', '2016-10-06 21:44:13', NULL),
('schaub.em@xmail.com', 'filozófia', '2016-10-07 11:34:06', '2018-10-05 00:42:55'),
('si.z@egyetem.hu', 'biológia', '2016-10-07 22:42:09', '2017-04-28 13:16:02'),
('sz.a@iskola.hu', 'filozófia', '2016-10-07 22:50:37', NULL),
('toro.v@simplemail.com', 'kémia', '2016-10-08 05:36:52', '2017-10-03 03:50:52'),
('turz.no@egyetem.hu', 'történelem', '2016-10-09 12:24:26', NULL),
('geme.b@iskola.hu', 'filozófia', '2016-10-11 06:37:41', NULL),
('p.dora@pmail.com', 'informatika', '2016-10-12 12:13:20', NULL),
('pop.davi@pmail.com', 'fizika', '2016-10-12 16:42:14', '2017-11-04 19:18:17'),
('sa.zso@xmail.com', 'fizika', '2016-10-13 03:18:54', '2017-10-18 05:28:19'),
('kov.r@egyetem.hu', 'filozófia', '2016-10-13 17:58:40', '2017-02-23 21:36:25'),
('ungar.vi@mszc.hu', 'angol', '2016-10-14 00:29:13', '2017-04-17 14:58:39'),
('sandor.f@pmail.com', 'filozófia', '2016-10-14 05:24:17', NULL),
('k.z@egyetem.hu', 'történelem', '2016-10-14 10:17:32', '2017-09-09 10:26:41'),
('csele.beata@mszc.hu', 'német', '2016-10-15 17:03:43', NULL),
('de.cs@egyetem.hu', 'történelem', '2016-10-16 14:03:32', '2017-05-27 11:02:55'),
('pus.rek@simplemail.com', 'kémia', '2016-10-17 22:58:27', NULL),
('ele.julia@simplemail.com', 'matematika', '2016-10-17 23:50:50', NULL),
('t.kata@newmail.com', 'angol', '2016-10-18 12:08:01', '2017-02-13 16:56:20'),
('haran.diana@egyetem.hu', 'filozófia', '2016-10-18 15:45:18', '2018-06-10 03:22:05'),
('h.liv@tesulid.hu', 'német', '2016-10-18 22:05:52', NULL),
('erdely.attila@mszc.hu', 'német', '2016-10-19 03:40:47', '2016-10-25 06:30:49'),
('garai.d@mszc.hu', 'magyar', '2016-10-20 05:49:28', '2018-03-22 19:46:04'),
('po.andre@egyetem.hu', 'német', '2016-10-21 02:02:28', NULL),
('ho.do@tesulid.hu', 'matematika', '2016-10-23 00:33:45', NULL),
('gozon.ar@iskola.hu', 'informatika', '2016-10-23 01:19:51', NULL),
('kovacs.pe@iskola.hu', 'történelem', '2016-10-23 02:16:25', NULL),
('p.kinc@iskola.hu', 'német', '2016-10-23 03:49:23', NULL),
('mo.barnaba@tesulid.hu', 'magyar', '2016-10-23 05:24:57', NULL),
('zele.anita@simplemail.com', 'magyar', '2016-10-23 13:56:14', '2017-10-31 06:32:48'),
('bal.an@newmail.com', 'kémia', '2016-10-23 16:22:21', NULL),
('leind.kata@pmail.com', 'német', '2016-10-23 18:54:19', NULL),
('w.bia@newmail.com', 'biológia', '2016-10-23 22:41:01', NULL),
('ha.biank@newmail.com', 'informatika', '2016-10-24 23:35:10', NULL),
('rest.ki@xmail.com', 'filozófia', '2016-10-25 11:33:30', '2017-05-11 16:10:27'),
('le.g@mszc.hu', 'angol', '2016-10-25 21:03:50', '2018-08-25 22:15:15'),
('bus.oli@egyetem.hu', 'magyar', '2016-10-26 06:01:08', NULL),
('ko.tu@newmail.com', 'filozófia', '2016-10-26 20:07:41', NULL),
('sall.agne@egyetem.hu', 'filozófia', '2016-10-27 01:34:41', '2017-02-23 20:03:16'),
('barna.ma@pmail.com', 'informatika', '2016-10-27 01:46:40', NULL),
('berkes.pet@newmail.com', 'német', '2016-10-29 05:45:26', NULL),
('hegy.nett@xmail.com', 'kémia', '2016-10-29 07:56:17', '2017-11-04 03:33:22'),
('buda.emese@pmail.com', 'német', '2016-11-02 20:06:11', NULL),
('sz.fl@simplemail.com', 'matematika', '2016-11-03 19:48:54', NULL),
('ma.kristo@pmail.com', 'informatika', '2016-11-04 08:43:11', '2017-05-17 06:22:30'),
('mesz.dani@iskola.hu', 'filozófia', '2016-11-04 10:17:59', NULL),
('mo.barnaba@tesulid.hu', 'filozófia', '2016-11-04 20:38:39', NULL),
('s.pete@xmail.com', 'filozófia', '2016-11-05 02:39:54', NULL),
('mesza.evelyn@xmail.com', 'filozófia', '2016-11-05 04:48:29', NULL),
('pata.g@mszc.hu', 'biológia', '2016-11-06 13:33:19', '2018-02-06 10:48:09'),
('bogdandi.ben@simplemail.com', 'informatika', '2016-11-07 10:56:53', NULL),
('sza.danie@egyetem.hu', 'fizika', '2016-11-08 12:11:13', NULL),
('turcs.ni@mszc.hu', 'informatika', '2016-11-08 21:46:43', '2017-03-29 12:37:49'),
('t.tama@mszc.hu', 'biológia', '2016-11-10 04:43:19', '2017-06-16 18:40:02'),
('turcs.ni@mszc.hu', 'filozófia', '2016-11-11 01:43:46', '2017-01-07 06:04:12'),
('juhasz-szel.da@iskola.hu', 'angol', '2016-11-11 02:50:14', '2017-02-12 08:14:16'),
('bohn.georgin@mszc.hu', 'angol', '2016-11-12 06:52:09', '2017-04-20 05:00:19'),
('ma.le@xmail.com', 'történelem', '2016-11-12 13:27:46', NULL),
('dani.re@iskola.hu', 'földrajz', '2016-11-12 21:54:40', NULL),
('vinko.fan@tesulid.hu', 'filozófia', '2016-11-13 07:37:49', '2017-10-23 01:15:24'),
('gosi.f@egyetem.hu', 'informatika', '2016-11-13 12:15:52', NULL),
('ba.szab@pmail.com', 'filozófia', '2016-11-14 14:48:09', NULL),
('s.pete@xmail.com', 'informatika', '2016-11-14 20:54:37', '2018-10-10 07:58:37'),
('onodi.bar@newmail.com', 'matematika', '2016-11-15 01:05:06', '2017-11-05 01:02:36'),
('abr.violett@simplemail.com', 'fizika', '2016-11-15 15:33:43', '2018-05-31 13:21:15'),
('bozok.a@newmail.com', 'matematika', '2016-11-16 04:25:09', '2017-03-15 01:15:56'),
('gosi.f@egyetem.hu', 'matematika', '2016-11-16 07:27:30', NULL),
('jaku.k@tesulid.hu', 'földrajz', '2016-11-16 23:53:24', NULL),
('borsi.eni@simplemail.com', 'fizika', '2016-11-17 08:36:40', '2017-05-30 13:38:22'),
('k.zsolt@xmail.com', 'kémia', '2016-11-17 11:46:24', '2017-07-05 15:31:18'),
('kor.no@egyetem.hu', 'történelem', '2016-11-18 14:54:39', NULL),
('juhasz-szel.da@iskola.hu', 'matematika', '2016-11-19 03:53:36', '2017-10-04 14:34:20'),
('me.fere@egyetem.hu', 'kémia', '2016-11-19 05:38:16', '2017-09-30 22:56:41'),
('decso.pa@egyetem.hu', 'matematika', '2016-11-19 11:53:55', NULL),
('gyo.g@egyetem.hu', 'filozófia', '2016-11-20 01:59:04', NULL),
('sipo.karin@egyetem.hu', 'biológia', '2016-11-20 18:12:33', NULL),
('losoncz.brigitta@egyetem.hu', 'magyar', '2016-11-21 14:57:29', NULL),
('gyo.g@egyetem.hu', 'matematika', '2016-11-21 15:48:15', '2018-04-12 07:05:36'),
('mesza.evelyn@xmail.com', 'informatika', '2016-11-21 22:37:11', NULL),
('h.ann@pmail.com', 'filozófia', '2016-11-22 01:57:04', NULL),
('w.dani@pmail.com', 'történelem', '2016-11-23 00:52:20', '2018-02-16 16:46:52'),
('kon.li@egyetem.hu', 'történelem', '2016-11-23 08:18:17', NULL),
('szabo.do@pmail.com', 'angol', '2016-11-23 19:11:06', NULL),
('ve.a@iskola.hu', 'biológia', '2016-11-24 00:09:52', NULL),
('horv.mon@iskola.hu', 'angol', '2016-11-24 03:20:31', NULL),
('takacs.m@xmail.com', 'fizika', '2016-11-24 10:54:04', NULL),
('alm.anna@pmail.com', 'földrajz', '2016-11-26 17:45:17', NULL),
('bene.adam@newmail.com', 'kémia', '2016-11-27 04:48:47', NULL),
('sa.zso@xmail.com', 'informatika', '2016-11-27 07:55:46', NULL),
('bins.marton@egyetem.hu', 'német', '2016-11-27 14:04:49', '2017-01-30 23:52:28'),
('kra.tama@xmail.com', 'német', '2016-11-28 08:06:39', NULL),
('t.noemi@egyetem.hu', 'matematika', '2016-11-28 23:34:28', NULL),
('va.d@pmail.com', 'angol', '2016-11-29 12:00:46', NULL),
('j.hun@xmail.com', 'filozófia', '2016-11-29 13:16:02', NULL),
('pop.csa@mszc.hu', 'filozófia', '2016-11-29 14:11:14', NULL),
('m.tam@pmail.com', 'kémia', '2016-11-29 17:40:58', NULL),
('w.bia@newmail.com', 'történelem', '2016-11-30 11:28:13', NULL),
('feket.ni@simplemail.com', 'fizika', '2016-11-30 17:18:42', NULL),
('tolnai.a@xmail.com', 'angol', '2016-12-02 08:06:24', NULL),
('kocsis-savan.tam@mszc.hu', 'történelem', '2016-12-02 08:53:38', NULL),
('te.alexa@newmail.com', 'biológia', '2016-12-02 13:53:21', NULL),
('tot.bal@pmail.com', 'informatika', '2016-12-02 16:16:02', NULL),
('m.tam@pmail.com', 'filozófia', '2016-12-03 01:57:15', NULL),
('laue.cs@tesulid.hu', 'fizika', '2016-12-03 05:54:48', NULL),
('m.k@tesulid.hu', 'magyar', '2016-12-03 06:26:47', NULL),
('tarkany.lilla@egyetem.hu', 'magyar', '2016-12-03 09:49:46', NULL),
('h.gergely@pmail.com', 'történelem', '2016-12-03 23:09:28', NULL),
('toro.v@simplemail.com', 'filozófia', '2016-12-04 05:18:55', NULL),
('vir.no@newmail.com', 'német', '2016-12-04 20:59:04', NULL),
('fe.t@tesulid.hu', 'magyar', '2016-12-05 02:07:40', NULL),
('garai.d@mszc.hu', 'történelem', '2016-12-05 18:40:36', NULL),
('leng.veron@mszc.hu', 'német', '2016-12-06 09:33:31', NULL),
('j.zoltan@iskola.hu', 'német', '2016-12-07 06:44:37', NULL),
('w.bia@newmail.com', 'matematika', '2016-12-09 17:49:53', '2017-10-16 09:33:42'),
('mili.roland@egyetem.hu', 'filozófia', '2016-12-09 21:45:52', NULL),
('barna.ma@pmail.com', 'fizika', '2016-12-10 14:30:09', '2017-10-22 19:06:36'),
('berkes.pet@newmail.com', 'informatika', '2016-12-12 07:38:50', '2017-09-30 23:44:21'),
('pata.g@mszc.hu', 'német', '2016-12-13 00:52:40', NULL),
('toro.v@simplemail.com', 'informatika', '2016-12-13 06:14:46', '2017-07-12 07:54:16'),
('maro.o@xmail.com', 'informatika', '2016-12-13 11:09:20', '2018-04-02 04:40:10'),
('l.dian@newmail.com', 'magyar', '2016-12-13 22:49:27', NULL),
('farkas.ani@simplemail.com', 'angol', '2016-12-14 07:34:52', NULL),
('andrej.eszter@newmail.com', 'filozófia', '2016-12-16 00:45:58', '2017-06-23 12:53:30'),
('dillma.blan@iskola.hu', 'informatika', '2016-12-16 02:34:16', '2018-06-09 09:33:14'),
('s.pete@xmail.com', 'angol', '2016-12-16 18:36:45', '2018-09-27 11:36:16'),
('szabo.rolan@egyetem.hu', 'biológia', '2016-12-16 21:03:35', NULL),
('kovacs.pe@iskola.hu', 'angol', '2016-12-16 23:14:34', NULL),
('g.gergel@mszc.hu', 'fizika', '2016-12-17 02:30:07', NULL),
('gor.anna@mszc.hu', 'földrajz', '2016-12-17 05:52:26', NULL),
('le.melitta@xmail.com', 'magyar', '2016-12-17 14:31:02', NULL),
('kov.noemi@pmail.com', 'filozófia', '2016-12-18 16:12:32', NULL),
('no.eszter@pmail.com', 'német', '2016-12-18 20:04:12', NULL),
('k.z@egyetem.hu', 'német', '2016-12-19 18:41:57', '2018-06-15 22:21:07'),
('losoncz.brigitta@egyetem.hu', 'filozófia', '2016-12-20 12:16:46', NULL),
('csis.pe@egyetem.hu', 'fizika', '2016-12-21 06:19:02', NULL),
('szer.be@egyetem.hu', 'informatika', '2016-12-21 19:47:01', NULL),
('l.ge@tesulid.hu', 'matematika', '2016-12-22 03:00:24', NULL),
('bal.an@newmail.com', 'fizika', '2016-12-22 16:35:44', NULL),
('alm.anna@pmail.com', 'magyar', '2016-12-23 06:37:53', NULL),
('pign.mi@xmail.com', 'fizika', '2016-12-25 00:30:22', NULL),
('w.bia@newmail.com', 'angol', '2016-12-25 02:45:07', NULL),
('fuze.ev@egyetem.hu', 'német', '2016-12-26 02:53:11', '2017-10-06 19:30:49'),
('reszegi.a@mszc.hu', 'kémia', '2016-12-26 05:39:40', NULL),
('d.kriszt@egyetem.hu', 'történelem', '2016-12-27 00:58:04', NULL),
('puski.e@egyetem.hu', 'fizika', '2016-12-27 01:58:56', NULL),
('dekan.li@mszc.hu', 'történelem', '2016-12-27 05:52:17', '2017-06-05 10:00:04'),
('sz.fl@simplemail.com', 'informatika', '2016-12-27 07:27:22', NULL),
('b.d@iskola.hu', 'történelem', '2016-12-27 12:43:34', NULL),
('har.ad@tesulid.hu', 'informatika', '2016-12-27 19:20:24', NULL),
('b.d@iskola.hu', 'kémia', '2016-12-28 05:07:57', NULL),
('troj.es@tesulid.hu', 'filozófia', '2016-12-28 18:24:58', NULL),
('borcsok.p@newmail.com', 'földrajz', '2016-12-29 03:44:56', '2018-08-20 01:32:20'),
('kap.timea@newmail.com', 'kémia', '2016-12-30 03:06:43', '2017-09-04 01:42:03'),
('ratk.miklos@newmail.com', 'informatika', '2016-12-30 18:49:03', '2018-09-06 16:16:49'),
('dori.k@mszc.hu', 'magyar', '2016-12-31 03:33:55', NULL),
('vadaszan.kristof@simplemail.com', 'német', '2016-12-31 11:16:13', '2017-11-21 04:18:30'),
('varg.ma@iskola.hu', 'biológia', '2017-01-01 00:11:38', '2018-02-08 23:24:23'),
('nemet.dora@simplemail.com', 'fizika', '2017-01-01 00:52:26', NULL),
('to.mar@newmail.com', 'kémia', '2017-01-01 19:36:36', '2017-06-24 07:54:58'),
('kis.kr@tesulid.hu', 'német', '2017-01-02 15:20:42', NULL),
('fuze.ev@egyetem.hu', 'biológia', '2017-01-02 20:45:06', '2017-12-28 14:37:07'),
('nemet.dora@simplemail.com', 'történelem', '2017-01-02 21:25:03', '2017-09-14 16:27:19'),
('bene.adam@newmail.com', 'informatika', '2017-01-04 06:55:41', NULL),
('csurgo.fann@egyetem.hu', 'történelem', '2017-01-05 12:35:51', NULL),
('ki.an@simplemail.com', 'angol', '2017-01-06 07:05:14', '2017-01-26 15:04:39'),
('be.eva@pmail.com', 'történelem', '2017-01-07 19:22:56', NULL),
('ratk.miklos@newmail.com', 'angol', '2017-01-08 05:18:49', NULL),
('kap.timea@newmail.com', 'matematika', '2017-01-08 22:31:48', NULL),
('sza.danie@egyetem.hu', 'német', '2017-01-09 09:27:23', NULL),
('rab.kitt@egyetem.hu', 'magyar', '2017-01-10 03:53:52', '2018-09-15 17:39:10'),
('pes.t@newmail.com', 'magyar', '2017-01-10 20:13:39', NULL),
('pata.g@mszc.hu', 'történelem', '2017-01-11 08:10:53', NULL),
('lukacs.pe@newmail.com', 'fizika', '2017-01-11 11:13:15', NULL),
('szovi.reka@pmail.com', 'angol', '2017-01-11 18:28:18', NULL),
('hrotk.leat@newmail.com', 'magyar', '2017-01-11 20:30:45', '2017-10-20 05:50:48'),
('juhas.gab@simplemail.com', 'történelem', '2017-01-12 14:34:39', NULL),
('ta.e@xmail.com', 'informatika', '2017-01-12 21:47:13', NULL),
('gardi.szab@iskola.hu', 'angol', '2017-01-13 11:34:55', NULL),
('szabo.a@simplemail.com', 'informatika', '2017-01-13 12:23:59', NULL),
('pomu.viktor@iskola.hu', 'magyar', '2017-01-13 18:30:45', NULL),
('te.alexa@newmail.com', 'magyar', '2017-01-15 07:58:53', '2018-03-08 06:37:14'),
('n.balaz@egyetem.hu', 'kémia', '2017-01-15 11:42:06', NULL),
('katon.marton@pmail.com', 'angol', '2017-01-15 18:08:06', '2018-03-06 01:59:10'),
('fo.mark@egyetem.hu', 'földrajz', '2017-01-16 07:59:55', NULL),
('n.balaz@egyetem.hu', 'filozófia', '2017-01-16 15:33:49', '2018-08-24 04:30:17'),
('losoncz.brigitta@egyetem.hu', 'biológia', '2017-01-16 17:11:58', NULL),
('fuze.ev@egyetem.hu', 'kémia', '2017-01-18 07:29:27', NULL),
('vinko.fan@tesulid.hu', 'földrajz', '2017-01-18 12:10:40', NULL),
('var.b@newmail.com', 'biológia', '2017-01-18 14:26:23', NULL),
('du.pe@simplemail.com', 'német', '2017-01-18 21:01:29', NULL),
('abr.patri@mszc.hu', 'fizika', '2017-01-19 23:09:45', NULL),
('csonka.borba@egyetem.hu', 'magyar', '2017-01-21 06:38:09', NULL),
('levai.zs@egyetem.hu', 'kémia', '2017-01-21 13:10:18', NULL),
('ve.l@simplemail.com', 'fizika', '2017-01-21 19:49:41', NULL),
('g.e@egyetem.hu', 'matematika', '2017-01-22 01:38:12', '2017-06-08 06:15:06'),
('szabo.a@simplemail.com', 'filozófia', '2017-01-22 03:09:15', NULL),
('ruzs.re@egyetem.hu', 'matematika', '2017-01-23 18:18:15', NULL),
('w.dani@pmail.com', 'filozófia', '2017-01-23 23:52:09', '2018-09-11 11:46:27'),
('vadaszan.kristof@simplemail.com', 'magyar', '2017-01-25 01:21:17', NULL),
('karp.anna@newmail.com', 'földrajz', '2017-01-25 12:13:36', NULL),
('sarnyai.r@egyetem.hu', 'matematika', '2017-01-25 20:04:46', NULL),
('kincs.klau@iskola.hu', 'kémia', '2017-01-26 00:30:12', NULL),
('garai.d@mszc.hu', 'biológia', '2017-01-26 15:09:40', NULL),
('t.ali@mszc.hu', 'fizika', '2017-01-27 06:58:57', NULL),
('m.ann@mszc.hu', 'matematika', '2017-01-27 08:44:39', NULL),
('nadu.dian@pmail.com', 'német', '2017-01-28 02:24:51', '2017-05-28 14:52:04'),
('ba.david@newmail.com', 'fizika', '2017-01-29 12:17:08', NULL),
('g.gergel@mszc.hu', 'német', '2017-01-29 16:48:58', NULL),
('c.zsofi@tesulid.hu', 'angol', '2017-01-30 08:35:53', NULL),
('ha.rober@egyetem.hu', 'filozófia', '2017-01-31 07:41:59', NULL),
('m.zsofia@tesulid.hu', 'kémia', '2017-01-31 10:05:53', '2018-03-07 06:58:32'),
('koszo.ev@iskola.hu', 'filozófia', '2017-01-31 16:42:59', NULL),
('kocsis-savan.tam@mszc.hu', 'kémia', '2017-01-31 21:53:01', NULL),
('n.balaz@egyetem.hu', 'magyar', '2017-02-01 14:40:35', NULL),
('szer.be@egyetem.hu', 'angol', '2017-02-01 17:01:23', '2017-11-02 04:11:28'),
('fe.t@tesulid.hu', 'német', '2017-02-02 14:48:24', '2018-05-25 21:01:26'),
('t.a@newmail.com', 'földrajz', '2017-02-02 20:41:19', NULL),
('toth.b@tesulid.hu', 'fizika', '2017-02-04 05:45:54', NULL),
('kova.aron@egyetem.hu', 'informatika', '2017-02-05 02:16:06', NULL),
('h.ann@pmail.com', 'magyar', '2017-02-08 05:43:51', NULL),
('vo.barna@egyetem.hu', 'német', '2017-02-10 11:20:47', '2017-10-07 16:20:09'),
('ro.re@mszc.hu', 'földrajz', '2017-02-12 14:18:19', NULL),
('on.marton@xmail.com', 'informatika', '2017-02-14 03:16:11', '2017-06-11 21:50:18'),
('csonk.san@egyetem.hu', 'informatika', '2017-02-14 12:22:42', '2017-04-13 01:43:28'),
('avramuc.gabo@egyetem.hu', 'filozófia', '2017-02-14 23:25:59', NULL),
('kon.li@egyetem.hu', 'biológia', '2017-02-14 23:52:40', '2017-10-07 01:23:05'),
('w.karo@egyetem.hu', 'angol', '2017-02-16 01:48:51', '2017-12-30 23:13:49'),
('hev.em@iskola.hu', 'kémia', '2017-02-16 03:51:43', NULL),
('gerge.kri@egyetem.hu', 'angol', '2017-02-16 07:36:52', NULL),
('mak.mat@tesulid.hu', 'angol', '2017-02-16 10:59:18', NULL),
('n.balaz@egyetem.hu', 'fizika', '2017-02-17 06:17:59', '2018-04-25 02:50:47'),
('kardo.ge@pmail.com', 'kémia', '2017-02-17 12:12:27', NULL),
('ve.l@simplemail.com', 'biológia', '2017-02-18 13:07:50', '2018-10-12 17:06:07'),
('jano.p@simplemail.com', 'kémia', '2017-02-19 01:45:00', NULL),
('korp.gell@newmail.com', 'német', '2017-02-19 10:19:46', NULL),
('g.an@egyetem.hu', 'biológia', '2017-02-19 18:51:30', NULL),
('te.alexa@newmail.com', 'angol', '2017-02-20 13:06:14', NULL),
('curle.mercedesz@egyetem.hu', 'kémia', '2017-02-21 05:42:46', '2017-12-27 13:33:07'),
('bi.m@xmail.com', 'filozófia', '2017-02-21 07:15:14', NULL),
('szol.rek@pmail.com', 'biológia', '2017-02-21 10:11:40', '2018-09-10 14:33:11'),
('borhy.d@newmail.com', 'fizika', '2017-02-22 13:51:03', '2018-05-28 01:48:48'),
('sza.danie@xmail.com', 'filozófia', '2017-02-24 14:10:02', NULL),
('tar.g@xmail.com', 'fizika', '2017-02-24 22:30:21', '2017-06-26 06:24:45'),
('jo.eveli@pmail.com', 'magyar', '2017-02-25 22:26:12', NULL),
('bozok.a@newmail.com', 'angol', '2017-02-26 03:07:22', '2018-02-08 09:00:27'),
('s.pete@xmail.com', 'német', '2017-02-26 05:15:00', NULL),
('tarkany.lilla@egyetem.hu', 'történelem', '2017-02-26 05:23:44', NULL),
('pign.mi@xmail.com', 'földrajz', '2017-02-26 07:09:06', NULL),
('de.cs@egyetem.hu', 'matematika', '2017-02-26 08:31:18', NULL),
('c.abonyi@newmail.com', 'matematika', '2017-02-26 20:34:26', NULL),
('c.cs@egyetem.hu', 'fizika', '2017-02-27 14:35:56', '2017-12-06 06:52:46'),
('gyorg.ag@egyetem.hu', 'földrajz', '2017-02-28 00:02:04', '2018-08-27 02:42:17'),
('ma.patrik@newmail.com', 'informatika', '2017-02-28 06:26:02', NULL),
('tot.eniko@egyetem.hu', 'biológia', '2017-02-28 13:14:51', NULL),
('csele.beata@mszc.hu', 'informatika', '2017-02-28 21:41:55', NULL),
('neupert.a@egyetem.hu', 'matematika', '2017-03-01 00:00:46', NULL),
('bozok.a@newmail.com', 'földrajz', '2017-03-01 10:26:49', NULL),
('kereszturi.ada@mszc.hu', 'fizika', '2017-03-01 15:22:05', '2018-01-10 18:29:54'),
('mesz.dani@iskola.hu', 'matematika', '2017-03-01 16:02:27', NULL),
('sipo.karin@egyetem.hu', 'magyar', '2017-03-03 15:56:11', NULL),
('p.nikolett@iskola.hu', 'informatika', '2017-03-04 13:39:44', '2018-02-07 03:25:31'),
('nag.do@egyetem.hu', 'filozófia', '2017-03-04 17:19:23', NULL),
('vir.no@newmail.com', 'angol', '2017-03-04 18:18:26', NULL),
('hegy.nett@xmail.com', 'földrajz', '2017-03-05 08:22:53', NULL),
('ratk.miklos@newmail.com', 'német', '2017-03-05 10:07:52', NULL),
('bok.kit@egyetem.hu', 'történelem', '2017-03-06 10:01:05', NULL),
('vinko.fan@tesulid.hu', 'matematika', '2017-03-07 03:13:16', NULL),
('rabi.do@iskola.hu', 'matematika', '2017-03-07 23:02:48', '2018-08-29 21:19:32'),
('vass.mi@egyetem.hu', 'angol', '2017-03-08 01:07:16', '2018-04-01 20:42:28'),
('maj.dorotty@tesulid.hu', 'informatika', '2017-03-08 14:06:25', NULL),
('borsi.eni@simplemail.com', 'biológia', '2017-03-09 04:11:26', NULL),
('tolnai.a@xmail.com', 'magyar', '2017-03-09 23:09:22', '2018-02-27 18:42:13'),
('g.ba@tesulid.hu', 'angol', '2017-03-10 04:52:13', NULL),
('m.bal@tesulid.hu', 'fizika', '2017-03-10 10:03:04', '2018-02-06 15:27:52'),
('kos.erik@xmail.com', 'angol', '2017-03-10 16:40:28', NULL),
('to.beatrix@tesulid.hu', 'német', '2017-03-10 20:07:31', NULL),
('polga.emil@newmail.com', 'történelem', '2017-03-10 20:27:45', '2018-05-30 03:42:16'),
('m.h@iskola.hu', 'földrajz', '2017-03-10 22:19:59', NULL),
('nemet.dora@simplemail.com', 'filozófia', '2017-03-11 17:29:11', NULL),
('vince.kris@pmail.com', 'magyar', '2017-03-12 01:21:51', NULL),
('odo.dominika@mszc.hu', 'matematika', '2017-03-12 01:30:40', NULL),
('vince.kris@pmail.com', 'kémia', '2017-03-12 15:58:56', NULL),
('bala.deni@egyetem.hu', 'biológia', '2017-03-13 13:43:48', NULL),
('nemet.a@pmail.com', 'biológia', '2017-03-13 14:17:13', NULL),
('csele.beata@mszc.hu', 'fizika', '2017-03-13 22:43:31', NULL),
('dekan.li@mszc.hu', 'informatika', '2017-03-13 23:33:04', '2018-03-18 11:18:47'),
('m.zsofia@tesulid.hu', 'német', '2017-03-15 05:03:59', NULL),
('maro.o@xmail.com', 'kémia', '2017-03-15 19:01:29', '2017-12-22 04:37:21'),
('szer.be@egyetem.hu', 'földrajz', '2017-03-16 12:45:55', NULL),
('sandor.f@pmail.com', 'kémia', '2017-03-16 17:51:44', NULL),
('cso.szebasz@pmail.com', 'filozófia', '2017-03-17 01:13:08', NULL),
('ko.levente@mszc.hu', 'filozófia', '2017-03-17 15:17:54', NULL),
('mak.mat@tesulid.hu', 'német', '2017-03-18 03:35:33', '2018-02-01 02:27:50'),
('borhy.d@newmail.com', 'matematika', '2017-03-18 04:01:12', NULL),
('szabo.do@pmail.com', 'matematika', '2017-03-19 11:32:38', '2017-09-24 13:50:27'),
('pop.davi@pmail.com', 'angol', '2017-03-20 08:02:10', NULL),
('tar.g@xmail.com', 'matematika', '2017-03-21 19:52:59', NULL),
('dani.re@iskola.hu', 'filozófia', '2017-03-22 03:39:03', '2018-09-26 03:42:26'),
('toth.barbara@newmail.com', 'földrajz', '2017-03-22 22:45:56', NULL),
('fa.ad@egyetem.hu', 'fizika', '2017-03-22 22:49:55', NULL),
('palko.lilla@newmail.com', 'informatika', '2017-03-23 07:37:57', '2018-10-03 02:28:47'),
('puski.e@egyetem.hu', 'matematika', '2017-03-23 22:41:29', NULL),
('paszt.jo@iskola.hu', 'történelem', '2017-03-24 04:17:46', '2017-03-25 17:32:35'),
('kov.r@egyetem.hu', 'angol', '2017-03-24 16:59:19', '2017-05-20 11:01:24'),
('ba.szab@pmail.com', 'történelem', '2017-03-24 22:34:45', '2017-08-10 22:36:17'),
('bozok.a@newmail.com', 'biológia', '2017-03-25 03:28:03', NULL),
('m.k@tesulid.hu', 'biológia', '2017-03-25 06:50:14', NULL),
('furcht.andrea@newmail.com', 'történelem', '2017-03-26 02:44:53', NULL),
('g.an@egyetem.hu', 'földrajz', '2017-03-26 14:00:37', NULL),
('karp.anna@newmail.com', 'kémia', '2017-03-26 23:35:50', NULL),
('balog.da@pmail.com', 'történelem', '2017-03-27 05:49:34', NULL),
('horva.mar@mszc.hu', 'magyar', '2017-03-27 19:17:07', NULL),
('neupert.a@egyetem.hu', 'filozófia', '2017-03-28 04:20:08', NULL),
('szobo.mart@simplemail.com', 'német', '2017-03-28 07:57:10', NULL),
('hegy.nett@xmail.com', 'történelem', '2017-03-28 12:53:10', NULL),
('ko.tu@newmail.com', 'biológia', '2017-03-29 08:41:43', NULL),
('pes.t@newmail.com', 'matematika', '2017-03-29 12:41:41', '2018-07-13 14:03:54'),
('nemet.a@pmail.com', 'filozófia', '2017-03-29 17:58:56', NULL),
('hev.em@iskola.hu', 'földrajz', '2017-03-29 20:45:51', NULL),
('vilo.e@newmail.com', 'földrajz', '2017-03-30 03:17:21', NULL),
('on.marton@xmail.com', 'kémia', '2017-03-30 20:43:21', NULL),
('gyo.g@egyetem.hu', 'biológia', '2017-03-30 21:17:23', NULL),
('i.bence@tesulid.hu', 'angol', '2017-03-31 04:26:40', NULL),
('gro.kit@egyetem.hu', 'német', '2017-03-31 08:07:26', NULL),
('borhy.d@newmail.com', 'magyar', '2017-04-01 12:07:39', NULL),
('on.marton@xmail.com', 'német', '2017-04-01 15:28:58', NULL),
('kard.davi@simplemail.com', 'német', '2017-04-02 14:17:38', NULL),
('nemes.kitt@egyetem.hu', 'biológia', '2017-04-03 10:15:21', NULL),
('avramuc.gabo@egyetem.hu', 'magyar', '2017-04-04 07:56:20', NULL),
('dekan.barbar@pmail.com', 'földrajz', '2017-04-05 02:24:41', '2018-02-14 21:23:46'),
('kardo.ge@pmail.com', 'történelem', '2017-04-05 12:32:32', '2017-04-07 00:19:30'),
('horvath.s@newmail.com', 'német', '2017-04-05 13:33:37', '2017-09-05 15:03:18'),
('ku.aurel@tesulid.hu', 'történelem', '2017-04-05 21:27:53', NULL),
('tor.benc@newmail.com', 'fizika', '2017-04-05 23:06:15', NULL),
('keleme.sara@newmail.com', 'informatika', '2017-04-06 01:19:51', NULL),
('o.l@egyetem.hu', 'angol', '2017-04-06 14:54:51', NULL),
('rede.b@tesulid.hu', 'német', '2017-04-06 21:34:33', NULL),
('na.szabo@iskola.hu', 'kémia', '2017-04-07 01:51:12', NULL),
('t.kata@newmail.com', 'filozófia', '2017-04-07 04:38:56', NULL),
('curle.mercedesz@egyetem.hu', 'matematika', '2017-04-07 15:00:04', '2018-04-22 11:06:22'),
('nag.do@egyetem.hu', 'kémia', '2017-04-07 16:00:09', NULL),
('kova.aron@egyetem.hu', 'fizika', '2017-04-08 07:13:50', '2017-10-18 09:32:08'),
('bozok.a@newmail.com', 'filozófia', '2017-04-10 18:06:15', NULL),
('cso.imol@xmail.com', 'matematika', '2017-04-11 02:56:23', NULL),
('fa.ad@egyetem.hu', 'informatika', '2017-04-11 13:12:49', NULL),
('nadu.dian@pmail.com', 'magyar', '2017-04-12 02:07:25', '2018-04-30 17:09:04'),
('buda.emese@pmail.com', 'kémia', '2017-04-12 22:53:13', NULL),
('gyorg.ag@egyetem.hu', 'informatika', '2017-04-13 07:46:35', NULL),
('tolnai.a@xmail.com', 'történelem', '2017-04-14 14:48:02', NULL),
('palko.lilla@newmail.com', 'matematika', '2017-04-15 06:49:42', NULL),
('sziran.klaudia@egyetem.hu', 'kémia', '2017-04-15 15:35:01', NULL),
('dar.vera@simplemail.com', 'kémia', '2017-04-15 20:10:04', NULL),
('bohn.georgin@mszc.hu', 'német', '2017-04-16 01:57:19', NULL),
('kado.a@tesulid.hu', 'filozófia', '2017-04-16 10:28:00', NULL),
('h.ann@pmail.com', 'német', '2017-04-17 23:13:15', NULL),
('pop.davi@pmail.com', 'történelem', '2017-04-18 13:40:07', NULL),
('mik.f@tesulid.hu', 'német', '2017-04-18 15:22:25', NULL),
('szabo.a@simplemail.com', 'biológia', '2017-04-19 08:15:38', NULL),
('gro.kit@egyetem.hu', 'kémia', '2017-04-20 05:13:09', NULL),
('vadaszan.kristof@simplemail.com', 'matematika', '2017-04-20 08:51:08', NULL),
('szu.mat@egyetem.hu', 'történelem', '2017-04-21 10:55:13', NULL),
('kiss.dzsen@egyetem.hu', 'fizika', '2017-04-21 23:21:58', '2018-03-15 19:00:53'),
('kard.davi@simplemail.com', 'fizika', '2017-04-22 01:39:28', NULL),
('sall.agne@egyetem.hu', 'angol', '2017-04-22 11:45:45', NULL),
('vas.zs@xmail.com', 'filozófia', '2017-04-22 13:22:05', '2017-07-20 23:13:31'),
('dillma.blan@iskola.hu', 'matematika', '2017-04-22 18:28:05', NULL),
('paszt.jo@iskola.hu', 'filozófia', '2017-04-23 05:24:09', NULL),
('heged.an@simplemail.com', 'magyar', '2017-04-24 09:25:59', NULL),
('fa.ki@xmail.com', 'biológia', '2017-04-25 22:07:31', '2018-05-16 19:58:27'),
('g.gergel@mszc.hu', 'történelem', '2017-04-26 02:46:45', NULL),
('ki.adel@xmail.com', 'matematika', '2017-04-26 03:17:56', NULL),
('bins.marton@egyetem.hu', 'filozófia', '2017-04-26 11:48:37', NULL),
('ba.patri@egyetem.hu', 'magyar', '2017-04-27 13:19:07', NULL),
('kardo.a@iskola.hu', 'informatika', '2017-04-27 16:10:44', NULL),
('sza.danie@xmail.com', 'történelem', '2017-04-28 06:08:29', NULL),
('tichy.gabrie@egyetem.hu', 'kémia', '2017-04-28 13:10:31', '2018-09-15 17:57:39'),
('k.zolt@iskola.hu', 'német', '2017-04-29 04:05:09', NULL),
('mili.roland@egyetem.hu', 'magyar', '2017-04-29 21:47:55', '2018-05-31 15:56:29'),
('keleme.sara@newmail.com', 'filozófia', '2017-04-30 07:23:57', NULL),
('vadaszan.kristof@simplemail.com', 'biológia', '2017-05-01 02:31:00', NULL),
('bor.marce@simplemail.com', 'kémia', '2017-05-01 15:39:17', '2018-08-30 19:13:20'),
('neupert.a@egyetem.hu', 'magyar', '2017-05-01 21:10:31', NULL),
('sz.e@egyetem.hu', 'magyar', '2017-05-02 14:30:40', '2018-02-16 04:26:43'),
('ve.l@simplemail.com', 'filozófia', '2017-05-02 16:04:16', NULL),
('sz.mate@iskola.hu', 'biológia', '2017-05-06 06:19:35', NULL),
('sz.mate@iskola.hu', 'angol', '2017-05-07 07:46:30', '2018-05-18 00:40:19'),
('k.pau@newmail.com', 'matematika', '2017-05-09 02:32:32', NULL),
('va.alina@egyetem.hu', 'magyar', '2017-05-10 00:38:59', '2017-09-28 02:57:20'),
('ba.david@newmail.com', 'angol', '2017-05-10 07:11:44', NULL),
('k.ja@mszc.hu', 'földrajz', '2017-05-11 08:03:47', NULL),
('on.marton@xmail.com', 'magyar', '2017-05-12 04:57:00', NULL),
('bj.el@xmail.com', 'német', '2017-05-12 05:16:44', NULL),
('to.davi@newmail.com', 'informatika', '2017-05-12 06:14:37', '2018-09-11 17:39:04'),
('tari.d@egyetem.hu', 'biológia', '2017-05-12 07:15:30', NULL),
('bal.ko@newmail.com', 'német', '2017-05-12 20:22:20', NULL),
('szol.rek@pmail.com', 'történelem', '2017-05-12 22:30:29', NULL),
('bo.flo@mszc.hu', 'történelem', '2017-05-14 02:43:22', '2017-07-13 15:49:20'),
('jo.eveli@pmail.com', 'földrajz', '2017-05-14 12:17:28', '2018-10-08 21:25:55'),
('bogdandi.ben@simplemail.com', 'földrajz', '2017-05-15 17:03:59', NULL),
('a.and@egyetem.hu', 'kémia', '2017-05-16 03:12:09', NULL),
('jak.g@pmail.com', 'filozófia', '2017-05-17 07:38:09', NULL),
('furcht.andrea@newmail.com', 'földrajz', '2017-05-17 19:16:04', NULL),
('furcht.andrea@newmail.com', 'fizika', '2017-05-20 08:51:01', NULL),
('bok.fan@egyetem.hu', 'fizika', '2017-05-20 14:22:29', NULL),
('sisa.ger@mszc.hu', 'angol', '2017-05-20 15:20:51', NULL),
('i.bence@tesulid.hu', 'történelem', '2017-05-20 19:16:56', '2017-08-21 05:59:37'),
('kah.m@tesulid.hu', 'történelem', '2017-05-21 10:23:21', '2018-08-13 03:39:53'),
('csurgo.fann@egyetem.hu', 'kémia', '2017-05-21 17:02:15', NULL),
('tari.d@egyetem.hu', 'német', '2017-05-21 23:26:05', NULL),
('alm.anna@pmail.com', 'biológia', '2017-05-22 11:04:13', '2017-12-28 13:07:08'),
('ko.kis@egyetem.hu', 'kémia', '2017-05-25 14:58:14', NULL),
('csele.beata@mszc.hu', 'angol', '2017-05-28 00:44:36', NULL),
('berkes.pet@newmail.com', 'filozófia', '2017-05-29 17:48:00', NULL),
('gor.anna@mszc.hu', 'angol', '2017-05-30 17:48:27', '2018-05-19 11:19:39'),
('ivan.ber@tesulid.hu', 'földrajz', '2017-05-31 07:26:26', NULL),
('b.d@iskola.hu', 'földrajz', '2017-05-31 17:06:47', '2018-02-22 01:02:24'),
('turcs.ni@mszc.hu', 'kémia', '2017-06-01 07:25:42', NULL),
('dekan.li@mszc.hu', 'angol', '2017-06-01 13:12:15', '2017-11-02 22:17:41'),
('kovacs.tam@newmail.com', 'német', '2017-06-01 16:32:22', '2018-06-25 20:23:49'),
('dillma.blan@iskola.hu', 'földrajz', '2017-06-02 01:25:19', NULL),
('bohn.georgin@mszc.hu', 'magyar', '2017-06-02 09:38:00', '2017-07-26 07:33:31'),
('haran.diana@egyetem.hu', 'matematika', '2017-06-03 07:33:56', '2018-05-22 18:45:52'),
('to.t@newmail.com', 'német', '2017-06-04 01:02:07', NULL),
('a.and@egyetem.hu', 'matematika', '2017-06-04 02:51:33', NULL),
('tolnai.a@xmail.com', 'kémia', '2017-06-04 15:06:48', NULL),
('m.k@tesulid.hu', 'történelem', '2017-06-05 11:45:38', '2018-09-20 10:40:48'),
('me.fere@egyetem.hu', 'német', '2017-06-05 19:23:14', NULL),
('p.dora@pmail.com', 'matematika', '2017-06-05 21:03:45', NULL),
('to.beatrix@tesulid.hu', 'fizika', '2017-06-07 11:12:31', NULL),
('rab.kitt@egyetem.hu', 'angol', '2017-06-07 16:02:50', NULL),
('nadu.dian@pmail.com', 'kémia', '2017-06-09 15:11:48', NULL),
('o.hor@xmail.com', 'filozófia', '2017-06-09 18:40:04', NULL),
('lengyel.domi@newmail.com', 'kémia', '2017-06-10 12:57:38', NULL),
('csonk.san@egyetem.hu', 'angol', '2017-06-10 23:24:48', '2018-01-03 22:43:43'),
('ivan.ber@tesulid.hu', 'kémia', '2017-06-11 13:26:15', NULL),
('te.alexa@newmail.com', 'filozófia', '2017-06-12 04:54:32', NULL),
('bok.fan@egyetem.hu', 'informatika', '2017-06-12 23:44:00', NULL),
('bor.marce@simplemail.com', 'német', '2017-06-14 15:23:14', NULL),
('ro.re@mszc.hu', 'német', '2017-06-14 18:43:45', NULL),
('fodor.lilla@egyetem.hu', 'fizika', '2017-06-15 06:40:08', '2018-07-19 09:59:57'),
('mik.f@tesulid.hu', 'biológia', '2017-06-16 15:01:39', NULL),
('gyi.ge@tesulid.hu', 'fizika', '2017-06-17 11:14:04', NULL),
('bo.att@egyetem.hu', 'történelem', '2017-06-17 17:01:23', NULL),
('d.kriszt@egyetem.hu', 'matematika', '2017-06-17 21:01:29', '2018-03-11 00:46:00'),
('jak.g@pmail.com', 'történelem', '2017-06-18 06:22:24', NULL),
('pap.lili@pmail.com', 'informatika', '2017-06-18 19:01:29', NULL),
('ba.david@newmail.com', 'magyar', '2017-06-21 00:39:00', NULL),
('r.zs@egyetem.hu', 'német', '2017-06-21 01:42:50', NULL),
('vo.barna@egyetem.hu', 'filozófia', '2017-06-21 06:57:06', NULL),
('sisa.ger@mszc.hu', 'kémia', '2017-06-21 21:37:05', NULL),
('halk.d@xmail.com', 'kémia', '2017-06-22 20:02:21', NULL),
('er.m@iskola.hu', 'magyar', '2017-06-23 09:06:13', NULL),
('kos.erik@xmail.com', 'fizika', '2017-06-24 16:14:30', NULL),
('sall.agne@egyetem.hu', 'matematika', '2017-06-26 08:32:02', NULL),
('losoncz.brigitta@egyetem.hu', 'földrajz', '2017-06-26 15:16:58', NULL),
('vilo.e@newmail.com', 'történelem', '2017-06-26 16:14:54', NULL),
('bala.deni@egyetem.hu', 'fizika', '2017-06-26 18:35:02', NULL),
('korp.gell@newmail.com', 'angol', '2017-06-27 17:27:12', NULL),
('eberh.li@xmail.com', 'biológia', '2017-06-27 21:11:33', NULL),
('fo.mark@egyetem.hu', 'filozófia', '2017-06-28 09:01:17', '2018-02-05 16:06:15'),
('sza.danie@xmail.com', 'német', '2017-06-28 12:11:03', '2018-07-18 19:19:11'),
('kovacs.pe@iskola.hu', 'informatika', '2017-06-28 18:53:06', '2018-04-17 05:32:15'),
('vir.no@newmail.com', 'magyar', '2017-06-29 12:12:34', NULL),
('toth.b@tesulid.hu', 'német', '2017-07-01 21:07:37', NULL),
('katon.marton@pmail.com', 'informatika', '2017-07-02 14:06:06', NULL),
('ka.lidi@egyetem.hu', 'informatika', '2017-07-02 15:40:24', NULL),
('rab.kitt@egyetem.hu', 'matematika', '2017-07-04 06:29:43', NULL),
('o.hor@xmail.com', 'kémia', '2017-07-04 19:53:16', NULL),
('v.r@pmail.com', 'informatika', '2017-07-05 03:12:37', NULL),
('borsi.eni@simplemail.com', 'magyar', '2017-07-05 09:11:00', NULL),
('s.pete@xmail.com', 'történelem', '2017-07-05 15:41:04', NULL),
('ungi.atti@newmail.com', 'magyar', '2017-07-06 16:36:53', '2018-08-11 00:34:06'),
('farkas.bibo@iskola.hu', 'filozófia', '2017-07-07 14:24:06', NULL),
('w.karo@egyetem.hu', 'fizika', '2017-07-08 01:58:58', '2018-05-19 15:50:51'),
('sall.agne@egyetem.hu', 'biológia', '2017-07-11 21:11:58', NULL),
('tot.dor@pmail.com', 'angol', '2017-07-12 07:43:11', NULL),
('farkas.ani@simplemail.com', 'történelem', '2017-07-12 23:13:14', NULL),
('ivan.ber@tesulid.hu', 'angol', '2017-07-13 03:41:17', '2017-10-06 18:04:48'),
('horv.mon@iskola.hu', 'kémia', '2017-07-13 09:49:33', NULL),
('leng.l@mszc.hu', 'földrajz', '2017-07-13 12:05:03', NULL),
('pop.csa@mszc.hu', 'német', '2017-07-13 21:58:33', NULL),
('na.szabo@iskola.hu', 'filozófia', '2017-07-14 05:20:04', NULL),
('no.eszter@pmail.com', 'fizika', '2017-07-14 20:05:32', NULL),
('r.ferenc@newmail.com', 'filozófia', '2017-07-14 22:23:08', '2018-07-28 01:43:53'),
('talosi.bar@xmail.com', 'német', '2017-07-16 03:16:28', NULL),
('bar.l@newmail.com', 'földrajz', '2017-07-16 03:55:42', '2017-09-09 08:37:07'),
('gyi.ge@tesulid.hu', 'történelem', '2017-07-16 04:38:54', NULL),
('kis.kr@tesulid.hu', 'fizika', '2017-07-16 21:53:27', NULL),
('tot.dor@pmail.com', 'filozófia', '2017-07-17 03:05:28', '2017-10-19 06:45:26'),
('b.zso@simplemail.com', 'kémia', '2017-07-17 21:17:12', NULL),
('kal.valentina@egyetem.hu', 'történelem', '2017-07-18 21:51:03', NULL),
('gerge.kri@egyetem.hu', 'kémia', '2017-07-19 07:55:45', NULL),
('varg.ma@iskola.hu', 'fizika', '2017-07-21 15:03:07', NULL),
('nem.dani@egyetem.hu', 'történelem', '2017-07-22 23:34:42', NULL),
('kova.gab@simplemail.com', 'kémia', '2017-07-23 08:03:11', NULL),
('mor.pe@newmail.com', 'földrajz', '2017-07-23 21:40:40', NULL),
('vir.no@newmail.com', 'informatika', '2017-07-24 06:44:47', NULL),
('kereszturi.ada@mszc.hu', 'biológia', '2017-07-24 17:08:35', NULL),
('ungi.atti@newmail.com', 'matematika', '2017-07-24 19:21:32', NULL),
('katon.marton@pmail.com', 'matematika', '2017-07-25 09:07:51', NULL),
('nadu.dian@pmail.com', 'földrajz', '2017-07-26 07:34:37', NULL),
('szabo.rolan@egyetem.hu', 'magyar', '2017-07-27 01:25:41', NULL),
('c.zsofi@tesulid.hu', 'informatika', '2017-07-28 00:23:57', NULL),
('bohn.georgin@mszc.hu', 'fizika', '2017-07-29 01:48:36', '2017-10-13 15:27:08'),
('l.dian@newmail.com', 'biológia', '2017-07-29 07:55:26', NULL),
('ele.julia@simplemail.com', 'biológia', '2017-07-29 12:27:34', '2018-04-27 09:58:22'),
('abr.violett@simplemail.com', 'filozófia', '2017-07-29 13:51:47', NULL),
('troj.es@tesulid.hu', 'német', '2017-07-29 14:01:27', '2018-08-04 13:46:20'),
('troj.es@tesulid.hu', 'angol', '2017-07-29 16:52:41', NULL),
('geme.b@iskola.hu', 'német', '2017-07-30 22:50:38', NULL),
('g.ba@tesulid.hu', 'biológia', '2017-07-30 23:49:52', NULL),
('vince.kris@pmail.com', 'filozófia', '2017-07-31 07:11:44', NULL),
('pa.bo@newmail.com', 'informatika', '2017-07-31 08:28:04', '2017-11-04 10:35:21'),
('jo.eveli@pmail.com', 'matematika', '2017-07-31 17:59:21', NULL),
('ki.an@simplemail.com', 'informatika', '2017-08-02 15:33:05', '2017-11-05 16:18:40'),
('szovi.reka@pmail.com', 'informatika', '2017-08-03 20:50:34', NULL),
('on.marton@xmail.com', 'biológia', '2017-08-04 10:19:09', NULL),
('h.gergely@pmail.com', 'német', '2017-08-04 17:16:14', '2018-07-21 01:19:21'),
('lukacs.pe@newmail.com', 'történelem', '2017-08-04 21:45:00', NULL),
('m.zsofia@tesulid.hu', 'angol', '2017-08-05 09:54:17', NULL),
('tom.a@pmail.com', 'angol', '2017-08-06 04:40:37', NULL),
('furcht.andrea@newmail.com', 'biológia', '2017-08-06 04:42:26', '2017-12-13 21:09:19'),
('nem.dani@egyetem.hu', 'angol', '2017-08-06 08:48:49', NULL),
('maj.dorotty@tesulid.hu', 'angol', '2017-08-06 23:42:08', NULL),
('kos.erik@xmail.com', 'földrajz', '2017-08-07 19:00:57', '2017-12-12 18:38:09'),
('sipo.karin@egyetem.hu', 'kémia', '2017-08-08 04:57:13', NULL),
('csonka.borba@egyetem.hu', 'történelem', '2017-08-08 07:40:06', '2017-09-18 10:24:53'),
('i.bence@tesulid.hu', 'informatika', '2017-08-08 18:18:37', NULL),
('orban.z@pmail.com', 'történelem', '2017-08-09 01:29:00', NULL),
('reszegi.a@mszc.hu', 'matematika', '2017-08-10 17:03:07', NULL),
('farkas.ani@simplemail.com', 'német', '2017-08-10 21:42:14', NULL),
('feher.dorotty@pmail.com', 'informatika', '2017-08-11 05:40:23', NULL),
('koszo.ev@iskola.hu', 'földrajz', '2017-08-12 04:44:27', NULL),
('ko.levente@mszc.hu', 'történelem', '2017-08-12 12:00:04', NULL),
('c.zsofi@tesulid.hu', 'történelem', '2017-08-12 22:25:08', NULL),
('bo.adam@egyetem.hu', 'német', '2017-08-13 04:59:34', NULL),
('ungi.atti@newmail.com', 'kémia', '2017-08-17 02:10:03', NULL),
('kova.aron@egyetem.hu', 'földrajz', '2017-08-17 03:04:04', NULL),
('szil.g@mszc.hu', 'fizika', '2017-08-17 12:00:23', NULL),
('borsi.eni@simplemail.com', 'földrajz', '2017-08-17 23:08:09', '2017-11-19 13:40:57'),
('h.ann@pmail.com', 'informatika', '2017-08-17 23:43:31', NULL),
('pap.lili@pmail.com', 'fizika', '2017-08-19 10:27:56', '2017-10-01 10:10:43'),
('bins.marton@egyetem.hu', 'fizika', '2017-08-19 15:55:36', NULL),
('as.alexandra@pmail.com', 'földrajz', '2017-08-19 20:54:16', NULL),
('maro.o@xmail.com', 'magyar', '2017-08-20 03:32:43', '2018-09-20 06:52:27'),
('na.szabo@iskola.hu', 'magyar', '2017-08-20 09:45:45', NULL),
('nag.gabor@mszc.hu', 'filozófia', '2017-08-21 02:29:38', '2018-10-14 13:50:04'),
('g.macsai@iskola.hu', 'kémia', '2017-08-21 11:36:34', NULL),
('me.re@newmail.com', 'filozófia', '2017-08-21 13:55:54', NULL),
('g.ba@tesulid.hu', 'kémia', '2017-08-21 18:44:02', '2017-10-05 07:41:22'),
('p.kinc@iskola.hu', 'matematika', '2017-08-22 03:16:39', '2018-01-07 18:18:03'),
('bins.marton@egyetem.hu', 'történelem', '2017-08-22 14:29:35', '2017-11-22 23:15:35'),
('csurgo.fann@egyetem.hu', 'magyar', '2017-08-22 19:02:39', NULL),
('maro.o@xmail.com', 'fizika', '2017-08-22 21:36:24', NULL),
('heged.an@simplemail.com', 'német', '2017-08-22 22:45:34', NULL),
('abr.patri@mszc.hu', 'történelem', '2017-08-23 15:30:19', NULL),
('v.r@pmail.com', 'biológia', '2017-08-23 15:51:41', NULL),
('bo.flo@mszc.hu', 'angol', '2017-08-24 23:39:02', NULL),
('rep.jano@simplemail.com', 'történelem', '2017-08-25 15:42:35', '2018-04-12 16:20:23'),
('vinko.fan@tesulid.hu', 'informatika', '2017-08-25 19:37:22', '2017-10-14 04:14:40'),
('o.hor@xmail.com', 'matematika', '2017-08-26 09:30:35', NULL),
('o.l@egyetem.hu', 'matematika', '2017-08-26 11:50:15', NULL),
('kis.kr@tesulid.hu', 'kémia', '2017-08-26 15:11:29', NULL),
('gosi.f@egyetem.hu', 'fizika', '2017-08-27 07:39:09', '2018-09-25 21:05:36'),
('feher.dorotty@pmail.com', 'biológia', '2017-08-27 11:23:06', NULL),
('go.vi@tesulid.hu', 'történelem', '2017-08-28 10:40:33', NULL),
('csis.pe@egyetem.hu', 'biológia', '2017-08-28 10:54:08', NULL),
('k.o@egyetem.hu', 'földrajz', '2017-08-28 19:42:32', NULL),
('kos.erik@xmail.com', 'történelem', '2017-08-29 09:03:22', NULL),
('gyi.ge@tesulid.hu', 'kémia', '2017-08-29 20:35:50', NULL),
('szovi.reka@pmail.com', 'magyar', '2017-08-30 05:58:18', NULL),
('tanacs.eva@pmail.com', 'magyar', '2017-08-31 04:38:05', NULL),
('lo.a@egyetem.hu', 'földrajz', '2017-09-01 05:25:19', NULL),
('lo.a@egyetem.hu', 'kémia', '2017-09-01 11:39:50', NULL),
('sall.agne@egyetem.hu', 'magyar', '2017-09-01 15:31:52', NULL),
('szporn.z@newmail.com', 'történelem', '2017-09-02 20:44:49', NULL),
('mor.pe@newmail.com', 'matematika', '2017-09-02 22:16:10', NULL),
('szu.mat@egyetem.hu', 'magyar', '2017-09-03 09:21:32', NULL),
('molna.k@newmail.com', 'történelem', '2017-09-03 09:29:25', '2018-06-16 13:28:27'),
('mo.barnaba@tesulid.hu', 'angol', '2017-09-04 09:01:15', NULL),
('laue.cs@tesulid.hu', 'biológia', '2017-09-04 15:07:33', NULL),
('gyi.ge@tesulid.hu', 'informatika', '2017-09-05 01:35:25', NULL),
('pomu.viktor@iskola.hu', 'angol', '2017-09-05 08:56:30', NULL),
('k.kri@newmail.com', 'földrajz', '2017-09-05 17:49:07', '2018-06-16 12:54:36'),
('toth.barbara@newmail.com', 'történelem', '2017-09-05 17:49:22', NULL),
('v.n@tesulid.hu', 'földrajz', '2017-09-05 20:12:51', NULL),
('bohn.georgin@mszc.hu', 'informatika', '2017-09-06 14:53:30', '2018-02-11 04:31:47'),
('g.an@egyetem.hu', 'történelem', '2017-09-06 20:52:52', NULL),
('kard.davi@simplemail.com', 'filozófia', '2017-09-07 02:37:28', '2018-09-29 00:27:55'),
('ho.do@tesulid.hu', 'fizika', '2017-09-07 14:19:22', NULL),
('bak.gergo@newmail.com', 'angol', '2017-09-07 20:38:58', NULL),
('feke.ingrid@simplemail.com', 'angol', '2017-09-08 04:16:29', NULL),
('polane.szi@newmail.com', 'fizika', '2017-09-08 13:00:35', NULL),
('r.ferenc@newmail.com', 'német', '2017-09-08 14:45:59', NULL),
('toth.r@iskola.hu', 'fizika', '2017-09-09 13:11:16', NULL),
('d.kris@tesulid.hu', 'matematika', '2017-09-09 14:50:35', '2018-09-13 16:03:30'),
('keleme.sara@newmail.com', 'német', '2017-09-10 23:32:33', NULL),
('talosi.bar@xmail.com', 'történelem', '2017-09-11 08:12:58', NULL),
('varg.en@simplemail.com', 'biológia', '2017-09-13 12:51:21', NULL),
('csonk.san@egyetem.hu', 'matematika', '2017-09-13 21:53:50', '2018-07-13 00:46:58'),
('szucs.leve@iskola.hu', 'biológia', '2017-09-14 05:47:37', NULL),
('varga.nikolett@egyetem.hu', 'fizika', '2017-09-14 11:47:30', NULL),
('odo.dominika@mszc.hu', 'kémia', '2017-09-14 12:54:10', NULL),
('rad.ma@egyetem.hu', 'német', '2017-09-14 22:29:11', NULL),
('dekan.li@mszc.hu', 'matematika', '2017-09-14 22:55:36', NULL),
('polga.emil@newmail.com', 'kémia', '2017-09-15 17:51:25', NULL),
('hev.em@iskola.hu', 'biológia', '2017-09-15 18:37:52', '2017-10-15 18:32:33'),
('gy.z@egyetem.hu', 'földrajz', '2017-09-15 22:51:25', NULL),
('de.cs@egyetem.hu', 'filozófia', '2017-09-16 14:12:04', NULL),
('czibul.pet@egyetem.hu', 'fizika', '2017-09-16 15:02:18', '2018-03-03 07:48:08'),
('j.zoltan@iskola.hu', 'kémia', '2017-09-16 19:17:28', NULL),
('fic.ak@egyetem.hu', 'angol', '2017-09-17 13:47:25', NULL),
('bi.m@xmail.com', 'fizika', '2017-09-18 06:03:16', '2018-05-24 18:53:39'),
('abr.patri@mszc.hu', 'kémia', '2017-09-18 06:17:09', NULL),
('balog.a@tesulid.hu', 'biológia', '2017-09-18 11:27:27', NULL),
('ba.david@newmail.com', 'biológia', '2017-09-20 15:46:08', '2018-09-16 22:30:10'),
('kah.m@tesulid.hu', 'biológia', '2017-09-20 18:04:37', '2018-03-16 08:41:45'),
('bak.gergo@newmail.com', 'német', '2017-09-21 20:16:31', NULL),
('h.liv@tesulid.hu', 'biológia', '2017-09-22 01:27:58', '2018-04-01 15:50:13'),
('dori.k@mszc.hu', 'történelem', '2017-09-22 11:11:07', NULL),
('ma.patrik@newmail.com', 'kémia', '2017-09-22 13:01:38', NULL),
('rest.ki@xmail.com', 'informatika', '2017-09-23 10:12:56', NULL),
('berkes.pet@newmail.com', 'magyar', '2017-09-23 15:33:30', NULL),
('vadaszan.kristof@simplemail.com', 'angol', '2017-09-23 18:23:08', NULL),
('vinko.fan@tesulid.hu', 'kémia', '2017-09-23 19:13:27', '2018-04-30 12:12:20'),
('fo.mark@egyetem.hu', 'informatika', '2017-09-23 21:45:36', NULL),
('fuze.ev@egyetem.hu', 'filozófia', '2017-09-26 04:58:42', NULL),
('kova.aron@egyetem.hu', 'kémia', '2017-09-27 07:24:08', NULL),
('mor.pe@newmail.com', 'kémia', '2017-09-28 02:23:26', NULL),
('szabo.do@pmail.com', 'földrajz', '2017-09-28 07:09:56', NULL),
('szobo.mart@simplemail.com', 'földrajz', '2017-09-28 12:35:22', NULL),
('b.d@egyetem.hu', 'kémia', '2017-09-29 01:09:10', NULL),
('zar.laura@egyetem.hu', 'matematika', '2017-10-03 07:59:09', '2018-07-01 21:38:47'),
('juhasz-szel.da@iskola.hu', 'informatika', '2017-10-03 21:07:45', NULL),
('tot.eniko@egyetem.hu', 'történelem', '2017-10-04 16:28:18', NULL),
('kos.erik@xmail.com', 'kémia', '2017-10-05 08:39:09', NULL),
('kah.m@tesulid.hu', 'informatika', '2017-10-05 10:38:29', NULL),
('p.bal@egyetem.hu', 'német', '2017-10-06 07:26:35', NULL),
('simensz.e@pmail.com', 'magyar', '2017-10-06 12:44:01', NULL),
('bo.att@egyetem.hu', 'fizika', '2017-10-06 18:16:24', NULL),
('kov.noemi@pmail.com', 'angol', '2017-10-06 22:44:40', '2018-09-25 10:35:41'),
('er.m@iskola.hu', 'biológia', '2017-10-07 03:42:10', NULL),
('pap.lili@pmail.com', 'kémia', '2017-10-07 08:11:20', '2018-03-17 00:42:11'),
('t.s@xmail.com', 'fizika', '2017-10-07 20:56:50', NULL),
('n.balaz@egyetem.hu', 'matematika', '2017-10-07 21:03:51', NULL),
('kiss.dzsen@egyetem.hu', 'földrajz', '2017-10-08 00:25:47', NULL),
('s.pete@xmail.com', 'biológia', '2017-10-08 14:03:09', NULL),
('nemes.kitt@egyetem.hu', 'matematika', '2017-10-08 21:57:45', NULL),
('onodi.bar@newmail.com', 'német', '2017-10-09 14:07:10', NULL),
('lu.adam@egyetem.hu', 'informatika', '2017-10-09 20:17:00', NULL),
('bok.fan@egyetem.hu', 'matematika', '2017-10-10 04:00:41', '2017-11-01 11:49:59'),
('g.macsai@iskola.hu', 'matematika', '2017-10-10 14:55:04', NULL),
('c.andras@simplemail.com', 'informatika', '2017-10-11 02:27:38', NULL),
('ruzs.re@egyetem.hu', 'történelem', '2017-10-11 09:23:52', NULL),
('pop.csa@mszc.hu', 'történelem', '2017-10-11 12:11:14', NULL),
('g.gergel@mszc.hu', 'kémia', '2017-10-12 13:25:05', '2018-03-05 13:18:33'),
('to.mar@newmail.com', 'matematika', '2017-10-12 20:38:52', '2018-02-21 08:26:35'),
('me.re@newmail.com', 'matematika', '2017-10-12 21:13:44', NULL),
('szu.mat@egyetem.hu', 'filozófia', '2017-10-13 15:10:45', NULL),
('kov.r@egyetem.hu', 'német', '2017-10-15 11:31:57', NULL),
('frohlic.cinti@egyetem.hu', 'matematika', '2017-10-16 07:10:30', NULL),
('p.bal@egyetem.hu', 'földrajz', '2017-10-16 09:07:53', NULL),
('on.marton@xmail.com', 'angol', '2017-10-17 04:13:24', NULL),
('neme.eszte@xmail.com', 'földrajz', '2017-10-18 21:51:43', NULL),
('takacs.m@xmail.com', 'magyar', '2017-10-19 01:18:23', '2018-09-23 20:52:11'),
('sza.danie@xmail.com', 'magyar', '2017-10-19 08:59:31', NULL),
('gor.anna@mszc.hu', 'filozófia', '2017-10-19 14:55:03', NULL),
('neupert.a@egyetem.hu', 'történelem', '2017-10-19 19:35:36', NULL),
('ele.julia@simplemail.com', 'informatika', '2017-10-19 22:54:55', NULL),
('vince.kris@pmail.com', 'informatika', '2017-10-20 01:15:34', '2018-01-09 09:50:43'),
('p.kinc@iskola.hu', 'angol', '2017-10-21 02:03:02', NULL),
('maj.dorotty@tesulid.hu', 'német', '2017-10-21 02:15:00', '2017-12-25 04:40:31'),
('bi.m@xmail.com', 'magyar', '2017-10-21 04:28:10', NULL),
('g.an@egyetem.hu', 'fizika', '2017-10-21 05:32:06', NULL),
('k.ja@mszc.hu', 'biológia', '2017-10-21 15:12:09', NULL),
('fa.ki@xmail.com', 'magyar', '2017-10-21 19:39:07', '2018-06-23 09:14:59'),
('juhas.gab@simplemail.com', 'biológia', '2017-10-21 21:13:49', NULL),
('b.d@egyetem.hu', 'német', '2017-10-22 01:00:07', NULL),
('szuc.it@tesulid.hu', 'történelem', '2017-10-22 01:43:57', NULL),
('var.b@newmail.com', 'fizika', '2017-10-24 01:00:16', NULL),
('szogi.d@simplemail.com', 'biológia', '2017-10-26 05:16:39', NULL),
('d.kris@tesulid.hu', 'német', '2017-10-28 00:38:24', NULL),
('mor.pe@newmail.com', 'informatika', '2017-10-28 02:09:19', NULL),
('b.tamas@newmail.com', 'kémia', '2017-10-28 03:13:21', NULL),
('balog.da@pmail.com', 'kémia', '2017-10-29 23:40:22', NULL),
('eberh.li@xmail.com', 'történelem', '2017-10-30 00:05:18', NULL),
('juha.viktoria@egyetem.hu', 'angol', '2017-10-30 09:30:02', NULL),
('re.ben@simplemail.com', 'biológia', '2017-10-31 05:50:21', NULL),
('l.ge@tesulid.hu', 'biológia', '2017-10-31 20:32:23', NULL),
('balog.da@pmail.com', 'fizika', '2017-10-31 21:21:11', NULL),
('juhasz-szel.da@iskola.hu', 'földrajz', '2017-11-01 13:40:34', NULL),
('tot.zs@iskola.hu', 'történelem', '2017-11-01 23:42:38', '2018-09-21 08:10:50'),
('go.vi@tesulid.hu', 'angol', '2017-11-02 04:48:46', NULL),
('feket.ni@simplemail.com', 'német', '2017-11-03 14:20:46', '2018-01-30 12:58:43'),
('me.re@newmail.com', 'történelem', '2017-11-04 08:06:23', '2018-10-13 16:16:11'),
('pere.ma@xmail.com', 'magyar', '2017-11-04 08:58:11', NULL),
('fa.ki@xmail.com', 'informatika', '2017-11-04 11:59:24', NULL),
('kal.valentina@egyetem.hu', 'matematika', '2017-11-05 03:54:09', NULL),
('h.gergely@pmail.com', 'angol', '2017-11-05 06:18:06', NULL),
('vo.barna@egyetem.hu', 'földrajz', '2017-11-05 22:06:51', NULL),
('s.endre@egyetem.hu', 'fizika', '2017-11-06 09:40:20', NULL),
('kis.oliver@newmail.com', 'történelem', '2017-11-06 17:22:21', NULL),
('ha.biank@newmail.com', 'matematika', '2017-11-07 00:19:54', NULL),
('pat.im@tesulid.hu', 'földrajz', '2017-11-07 03:51:38', NULL),
('tot.bal@pmail.com', 'német', '2017-11-07 23:26:07', NULL),
('borcsok.p@newmail.com', 'biológia', '2017-11-08 06:14:10', NULL),
('schaub.em@xmail.com', 'fizika', '2017-11-08 16:12:40', '2017-12-02 08:54:54'),
('farkas.bibo@iskola.hu', 'kémia', '2017-11-08 19:36:46', NULL),
('kal.valentina@egyetem.hu', 'filozófia', '2017-11-09 02:49:59', NULL),
('ki.adel@xmail.com', 'informatika', '2017-11-09 18:46:55', NULL),
('bok.fan@egyetem.hu', 'német', '2017-11-09 22:49:33', NULL),
('dekan.barbar@pmail.com', 'fizika', '2017-11-10 11:56:43', NULL),
('zar.laura@egyetem.hu', 'német', '2017-11-11 17:10:24', NULL),
('sa.zso@xmail.com', 'magyar', '2017-11-13 17:35:03', NULL),
('be.eva@pmail.com', 'angol', '2017-11-14 06:30:21', NULL),
('onodi.bar@newmail.com', 'informatika', '2017-11-14 10:37:19', NULL),
('gort.laszl@simplemail.com', 'magyar', '2017-11-15 10:19:38', NULL),
('vilo.e@newmail.com', 'biológia', '2017-11-16 12:03:26', '2018-01-27 01:53:31'),
('tot.dor@pmail.com', 'történelem', '2017-11-16 21:29:10', '2018-06-24 20:31:03'),
('katon.marton@pmail.com', 'kémia', '2017-11-18 20:08:36', NULL),
('g.gergel@mszc.hu', 'biológia', '2017-11-18 20:26:24', NULL),
('vitali.c@newmail.com', 'német', '2017-11-18 23:09:09', '2018-07-30 19:28:19'),
('berta.benc@egyetem.hu', 'földrajz', '2017-11-19 21:36:38', NULL),
('kereszturi.ada@mszc.hu', 'történelem', '2017-11-20 00:13:03', NULL),
('zar.laura@egyetem.hu', 'földrajz', '2017-11-20 04:55:17', NULL),
('w.dani@pmail.com', 'kémia', '2017-11-20 11:37:21', NULL),
('b.d@egyetem.hu', 'informatika', '2017-11-21 12:24:00', '2018-05-30 19:57:45'),
('or.fanni@xmail.com', 'fizika', '2017-11-21 21:43:38', NULL),
('csurgo.fann@egyetem.hu', 'biológia', '2017-11-22 05:08:44', NULL),
('neupert.a@egyetem.hu', 'földrajz', '2017-11-22 14:36:25', NULL),
('sisa.ger@mszc.hu', 'fizika', '2017-11-22 22:21:23', NULL),
('ja.b@newmail.com', 'magyar', '2017-11-22 23:20:55', NULL),
('k.ja@mszc.hu', 'informatika', '2017-11-23 16:00:23', NULL);

INSERT INTO listatag VALUES
('erdely.attila@mszc.hu', 'biológia', '2017-11-23 17:01:16', NULL),
('fe.t@tesulid.hu', 'fizika', '2017-11-23 21:03:26', '2018-07-05 07:49:27'),
('sz.mate@iskola.hu', 'német', '2017-11-24 14:06:39', NULL),
('c.abonyi@newmail.com', 'földrajz', '2017-11-25 02:02:19', '2018-06-11 17:42:16'),
('rep.jano@simplemail.com', 'fizika', '2017-11-26 02:07:43', NULL),
('molna.k@newmail.com', 'földrajz', '2017-11-26 08:48:11', NULL),
('katon.marton@pmail.com', 'történelem', '2017-11-26 20:33:14', NULL),
('furto.benjam@newmail.com', 'biológia', '2017-11-26 22:28:50', '2018-05-05 22:33:50'),
('b.david@mszc.hu', 'filozófia', '2017-11-27 12:23:19', NULL),
('ma.le@xmail.com', 'magyar', '2017-11-27 22:52:49', NULL),
('da.d@tesulid.hu', 'matematika', '2017-11-28 06:29:14', NULL),
('bali.do@tesulid.hu', 'filozófia', '2017-11-28 12:35:54', NULL),
('kon.li@egyetem.hu', 'matematika', '2017-11-28 18:12:56', NULL),
('furto.benjam@newmail.com', 'filozófia', '2017-11-29 05:02:48', NULL),
('szol.rek@pmail.com', 'magyar', '2017-11-30 11:00:02', NULL),
('simensz.e@pmail.com', 'informatika', '2017-12-01 21:16:31', NULL),
('j.zoltan@iskola.hu', 'földrajz', '2017-12-01 23:26:37', NULL),
('farkas.ani@simplemail.com', 'informatika', '2017-12-03 01:53:56', NULL),
('rad.ma@egyetem.hu', 'fizika', '2017-12-03 09:41:03', NULL),
('ko.levente@mszc.hu', 'földrajz', '2017-12-03 12:45:59', NULL),
('gozon.ar@iskola.hu', 'földrajz', '2017-12-04 12:24:43', NULL),
('s.gog@mszc.hu', 'történelem', '2017-12-05 12:13:12', NULL),
('har.ad@tesulid.hu', 'történelem', '2017-12-05 20:43:34', NULL),
('gardi.szab@iskola.hu', 'német', '2017-12-06 15:32:03', NULL),
('somlyai.k@xmail.com', 'biológia', '2017-12-06 21:20:08', '2018-01-09 06:24:50'),
('toth.petr@xmail.com', 'történelem', '2017-12-10 04:38:49', NULL),
('so.regina@pmail.com', 'földrajz', '2017-12-11 07:16:01', NULL),
('k.ildik@egyetem.hu', 'történelem', '2017-12-11 15:59:24', NULL),
('kah.m@tesulid.hu', 'földrajz', '2017-12-11 21:01:35', NULL),
('g.zsofi@egyetem.hu', 'földrajz', '2017-12-12 22:01:28', NULL),
('ha.rober@egyetem.hu', 'német', '2017-12-13 05:09:19', NULL),
('juha.viktoria@egyetem.hu', 'biológia', '2017-12-13 08:05:11', NULL),
('horv.mon@iskola.hu', 'matematika', '2017-12-13 11:01:47', NULL),
('vas.zs@xmail.com', 'fizika', '2017-12-13 19:47:53', NULL),
('k.z@egyetem.hu', 'informatika', '2017-12-14 12:53:32', NULL),
('kis.kr@tesulid.hu', 'matematika', '2017-12-15 05:18:57', NULL),
('ho.botond@egyetem.hu', 'kémia', '2017-12-16 05:24:14', NULL),
('jano.p@simplemail.com', 'filozófia', '2017-12-16 19:16:36', '2018-05-30 08:40:41'),
('onodi.bar@newmail.com', 'földrajz', '2017-12-17 09:17:51', '2017-12-20 02:01:59'),
('t.noemi@egyetem.hu', 'fizika', '2017-12-18 01:10:12', NULL),
('frohlic.cinti@egyetem.hu', 'magyar', '2017-12-18 08:36:52', NULL),
('lu.adam@egyetem.hu', 'matematika', '2017-12-20 14:47:18', NULL),
('ratk.miklos@newmail.com', 'fizika', '2017-12-20 17:42:29', NULL),
('s.mari@egyetem.hu', 'német', '2017-12-20 21:24:10', NULL),
('c.cs@egyetem.hu', 'angol', '2017-12-21 04:42:30', NULL),
('er.m@iskola.hu', 'fizika', '2017-12-21 09:31:17', NULL),
('curle.mercedesz@egyetem.hu', 'magyar', '2017-12-21 22:24:30', NULL),
('tolnai.a@xmail.com', 'biológia', '2017-12-22 00:23:51', NULL),
('ve.a@iskola.hu', 'földrajz', '2017-12-22 21:26:53', NULL),
('odo.dominika@mszc.hu', 'földrajz', '2017-12-23 03:31:49', NULL),
('halk.d@xmail.com', 'történelem', '2017-12-23 20:35:34', NULL),
('buda.emese@pmail.com', 'magyar', '2017-12-24 01:50:08', '2018-09-12 14:49:12'),
('b.zso@simplemail.com', 'német', '2017-12-24 04:30:36', NULL),
('to.beatrix@tesulid.hu', 'angol', '2017-12-24 05:52:40', NULL),
('tot.dor@pmail.com', 'fizika', '2017-12-24 09:00:06', NULL),
('fic.ak@egyetem.hu', 'filozófia', '2017-12-24 21:27:01', NULL),
('dillma.blan@iskola.hu', 'magyar', '2017-12-25 04:12:57', NULL),
('halk.d@xmail.com', 'informatika', '2017-12-25 17:46:20', NULL),
('s.endre@egyetem.hu', 'történelem', '2017-12-25 23:42:51', NULL),
('c.zsofi@tesulid.hu', 'magyar', '2017-12-26 19:23:36', '2018-05-08 23:23:33'),
('nag.do@egyetem.hu', 'magyar', '2017-12-27 11:58:04', NULL),
('bal.ervi@iskola.hu', 'kémia', '2017-12-27 16:53:46', NULL),
('ve.l@simplemail.com', 'matematika', '2017-12-27 19:38:57', NULL),
('to.t@newmail.com', 'informatika', '2017-12-28 09:55:23', NULL),
('kardo.a@iskola.hu', 'kémia', '2017-12-28 13:34:27', NULL),
('sza.danie@egyetem.hu', 'magyar', '2017-12-28 14:04:07', NULL),
('curle.mercedesz@egyetem.hu', 'informatika', '2017-12-30 23:49:17', NULL),
('toth.petr@xmail.com', 'kémia', '2017-12-31 11:11:02', NULL),
('ku.aurel@tesulid.hu', 'informatika', '2017-12-31 15:09:39', NULL),
('furcht.andrea@newmail.com', 'angol', '2018-01-01 10:05:25', NULL),
('d.kriszt@egyetem.hu', 'fizika', '2018-01-01 13:05:41', NULL),
('geme.b@iskola.hu', 'fizika', '2018-01-02 15:30:23', NULL),
('t.tama@mszc.hu', 'magyar', '2018-01-02 17:49:39', NULL),
('rep.jano@simplemail.com', 'matematika', '2018-01-03 14:51:02', NULL),
('leind.kata@pmail.com', 'filozófia', '2018-01-04 05:03:02', NULL),
('pa.t@mszc.hu', 'informatika', '2018-01-04 07:26:37', '2018-06-02 15:24:11'),
('kon.li@egyetem.hu', 'filozófia', '2018-01-04 12:24:53', NULL),
('palko.lilla@newmail.com', 'fizika', '2018-01-04 21:11:37', NULL),
('palf.kriszti@newmail.com', 'angol', '2018-01-05 13:39:17', NULL),
('m.bal@tesulid.hu', 'matematika', '2018-01-08 00:25:51', NULL),
('bar.l@newmail.com', 'fizika', '2018-01-09 10:30:05', NULL),
('vadaszan.kristof@simplemail.com', 'filozófia', '2018-01-10 02:33:17', NULL),
('tanacs.eva@pmail.com', 'angol', '2018-01-10 14:04:30', NULL),
('feket.ni@simplemail.com', 'angol', '2018-01-10 19:26:16', NULL),
('j.zo@newmail.com', 'magyar', '2018-01-10 23:43:39', NULL),
('mi.ani@newmail.com', 'matematika', '2018-01-15 03:07:22', NULL),
('kis.oliver@newmail.com', 'fizika', '2018-01-15 10:09:36', NULL),
('hev.em@iskola.hu', 'angol', '2018-01-15 18:17:03', '2018-07-10 20:31:31'),
('vadaszan.kristof@simplemail.com', 'földrajz', '2018-01-16 01:26:12', NULL),
('b.d@egyetem.hu', 'filozófia', '2018-01-16 03:01:26', '2018-08-10 08:20:41'),
('ha.biank@newmail.com', 'történelem', '2018-01-16 15:18:36', NULL),
('heged.an@simplemail.com', 'biológia', '2018-01-17 00:18:45', NULL),
('buzog.b@pmail.com', 'kémia', '2018-01-18 21:30:42', NULL),
('t.katinka@tesulid.hu', 'német', '2018-01-20 16:26:29', NULL),
('mor.pe@newmail.com', 'történelem', '2018-01-21 07:17:05', NULL),
('to.t@newmail.com', 'fizika', '2018-01-21 19:16:46', NULL),
('po.andre@egyetem.hu', 'magyar', '2018-01-21 23:07:14', NULL),
('borsi.eni@simplemail.com', 'kémia', '2018-01-22 12:03:10', NULL),
('korp.gell@newmail.com', 'történelem', '2018-01-22 14:19:13', NULL),
('to.t@newmail.com', 'magyar', '2018-01-22 14:45:24', NULL),
('fa.ad@egyetem.hu', 'filozófia', '2018-01-22 15:14:54', NULL),
('feke.ingrid@simplemail.com', 'matematika', '2018-01-22 18:52:10', NULL),
('j.d@mszc.hu', 'filozófia', '2018-01-23 02:12:14', NULL),
('borcsok.p@newmail.com', 'történelem', '2018-01-23 05:57:32', NULL),
('szek.marta@pmail.com', 'magyar', '2018-01-23 10:30:17', NULL),
('vincz.an@egyetem.hu', 'informatika', '2018-01-23 11:52:26', NULL),
('kon.li@egyetem.hu', 'magyar', '2018-01-24 02:31:02', NULL),
('kovacs.pe@iskola.hu', 'kémia', '2018-01-24 06:33:15', NULL),
('k.zolt@iskola.hu', 'fizika', '2018-01-25 19:14:18', NULL),
('no.eszter@pmail.com', 'történelem', '2018-01-26 09:24:46', NULL),
('bohn.georgin@mszc.hu', 'történelem', '2018-01-27 01:44:07', NULL),
('orban.z@pmail.com', 'informatika', '2018-01-27 19:28:32', NULL),
('onodi.bar@newmail.com', 'filozófia', '2018-01-28 20:53:34', NULL),
('hegy.nett@xmail.com', 'magyar', '2018-01-29 14:31:17', NULL),
('t.s@xmail.com', 'filozófia', '2018-01-30 08:52:04', NULL),
('balog.a@tesulid.hu', 'történelem', '2018-01-30 19:41:45', NULL),
('paszt.jo@iskola.hu', 'kémia', '2018-01-31 07:15:43', NULL),
('vass.mi@egyetem.hu', 'matematika', '2018-01-31 11:55:41', '2018-09-13 16:21:09'),
('puski.e@egyetem.hu', 'történelem', '2018-02-02 05:44:36', NULL),
('czako.agnes@newmail.com', 'biológia', '2018-02-04 14:34:40', NULL),
('b.davi@mszc.hu', 'magyar', '2018-02-04 16:09:41', NULL),
('g.ba@tesulid.hu', 'fizika', '2018-02-05 10:37:31', NULL),
('tari.d@egyetem.hu', 'matematika', '2018-02-06 05:12:57', NULL),
('szecsi.viktor@iskola.hu', 'angol', '2018-02-07 01:30:09', NULL),
('somlyai.k@xmail.com', 'fizika', '2018-02-07 10:17:58', NULL),
('ta.e@xmail.com', 'kémia', '2018-02-07 13:45:44', NULL),
('er.flo@newmail.com', 'német', '2018-02-08 08:50:03', NULL),
('s.kat@newmail.com', 'biológia', '2018-02-10 02:28:02', NULL),
('sandor.f@pmail.com', 'matematika', '2018-02-10 08:14:31', NULL),
('puski.e@egyetem.hu', 'filozófia', '2018-02-10 08:59:50', NULL),
('me.re@newmail.com', 'földrajz', '2018-02-10 16:10:12', '2018-09-09 00:54:33'),
('bal.an@newmail.com', 'német', '2018-02-10 17:56:42', NULL),
('andrej.eszter@newmail.com', 'angol', '2018-02-11 00:34:49', NULL),
('sz.mate@iskola.hu', 'földrajz', '2018-02-11 02:36:51', '2018-04-05 23:33:45'),
('le.g@mszc.hu', 'történelem', '2018-02-11 12:00:50', NULL),
('r.zol@egyetem.hu', 'fizika', '2018-02-11 18:05:34', NULL),
('mor.pe@newmail.com', 'magyar', '2018-02-12 03:51:17', NULL),
('ta.e@xmail.com', 'matematika', '2018-02-12 09:10:37', NULL),
('laue.cs@tesulid.hu', 'angol', '2018-02-12 15:07:40', NULL),
('feket.ni@simplemail.com', 'filozófia', '2018-02-13 04:55:57', NULL),
('m.benja@egyetem.hu', 'biológia', '2018-02-14 07:42:39', NULL),
('rede.b@tesulid.hu', 'informatika', '2018-02-14 16:19:11', NULL),
('ve.a@iskola.hu', 'fizika', '2018-02-15 11:09:02', NULL),
('ki.adel@xmail.com', 'filozófia', '2018-02-15 14:59:58', NULL),
('mesz.dani@iskola.hu', 'kémia', '2018-02-15 22:00:53', NULL),
('vitali.c@newmail.com', 'biológia', '2018-02-16 16:15:22', NULL),
('be.eva@pmail.com', 'kémia', '2018-02-17 09:06:36', NULL),
('s.gog@mszc.hu', 'kémia', '2018-02-18 07:17:08', NULL),
('t.a@newmail.com', 'történelem', '2018-02-20 21:33:10', NULL),
('avramuc.gabo@egyetem.hu', 'fizika', '2018-02-21 05:59:30', NULL),
('v.r@pmail.com', 'matematika', '2018-02-21 10:16:36', NULL),
('pap.lili@pmail.com', 'történelem', '2018-02-21 14:59:24', NULL),
('pus.rek@simplemail.com', 'filozófia', '2018-02-21 19:17:02', NULL),
('bali.do@tesulid.hu', 'informatika', '2018-02-22 06:00:48', '2018-05-27 20:16:30'),
('po.andre@egyetem.hu', 'matematika', '2018-02-23 13:48:09', NULL),
('r.zs@egyetem.hu', 'magyar', '2018-02-24 17:21:41', NULL),
('d.p@simplemail.com', 'kémia', '2018-02-25 09:40:34', NULL),
('bozok.a@newmail.com', 'kémia', '2018-02-25 16:26:05', NULL),
('kova.aron@egyetem.hu', 'biológia', '2018-02-26 10:40:40', NULL),
('ruzs.re@egyetem.hu', 'biológia', '2018-02-26 12:29:38', NULL),
('pat.im@tesulid.hu', 'filozófia', '2018-02-27 00:06:13', NULL),
('koszo.ev@iskola.hu', 'magyar', '2018-02-27 05:28:35', NULL),
('vo.barna@egyetem.hu', 'biológia', '2018-02-27 20:47:30', NULL),
('korp.gell@newmail.com', 'informatika', '2018-02-27 23:20:58', NULL),
('rep.jano@simplemail.com', 'biológia', '2018-03-01 03:27:30', '2018-10-14 07:17:42'),
('garai.d@mszc.hu', 'fizika', '2018-03-01 08:47:15', NULL),
('kado.a@tesulid.hu', 'történelem', '2018-03-01 20:10:52', NULL),
('maro.o@xmail.com', 'földrajz', '2018-03-02 22:01:50', NULL),
('szovi.reka@pmail.com', 'földrajz', '2018-03-03 04:46:14', NULL),
('ad.ag@newmail.com', 'földrajz', '2018-03-04 01:49:46', NULL),
('vir.no@newmail.com', 'fizika', '2018-03-04 13:12:07', NULL),
('kak.timea@egyetem.hu', 'biológia', '2018-03-04 15:28:59', NULL),
('talosi.bar@xmail.com', 'kémia', '2018-03-05 04:35:37', NULL),
('talosi.bar@xmail.com', 'filozófia', '2018-03-05 08:10:58', '2018-04-08 19:30:30'),
('kov.r@egyetem.hu', 'fizika', '2018-03-05 09:11:16', NULL),
('berkes.pet@newmail.com', 'matematika', '2018-03-05 14:16:52', NULL),
('ki.zoltan@xmail.com', 'biológia', '2018-03-05 14:53:22', '2018-07-21 16:50:23'),
('horv.mon@iskola.hu', 'fizika', '2018-03-07 02:05:33', NULL),
('lengyel.domi@newmail.com', 'földrajz', '2018-03-07 04:34:19', NULL),
('ki.zoltan@xmail.com', 'informatika', '2018-03-07 06:53:44', NULL),
('sarnyai.r@egyetem.hu', 'fizika', '2018-03-07 15:15:12', NULL),
('csonka.borba@egyetem.hu', 'matematika', '2018-03-08 01:55:37', NULL),
('gozon.ar@iskola.hu', 'angol', '2018-03-08 12:43:56', NULL),
('alm.d@egyetem.hu', 'fizika', '2018-03-08 18:16:52', NULL),
('gardi.szab@iskola.hu', 'filozófia', '2018-03-09 02:46:52', NULL),
('dekan.li@mszc.hu', 'magyar', '2018-03-09 03:30:11', '2018-03-23 18:55:48'),
('nemes.kitt@egyetem.hu', 'fizika', '2018-03-09 06:33:19', NULL),
('odo.dominika@mszc.hu', 'angol', '2018-03-09 14:56:23', NULL),
('le.melitta@xmail.com', 'kémia', '2018-03-10 03:17:37', NULL),
('gyorg.ag@egyetem.hu', 'magyar', '2018-03-10 13:27:04', NULL),
('horvath.s@newmail.com', 'földrajz', '2018-03-11 02:16:11', NULL),
('borhy.d@newmail.com', 'angol', '2018-03-11 09:01:43', NULL),
('t.a@newmail.com', 'magyar', '2018-03-11 19:28:49', NULL),
('tari.d@egyetem.hu', 'informatika', '2018-03-12 16:12:51', NULL),
('k.z@egyetem.hu', 'földrajz', '2018-03-12 17:21:00', NULL),
('rovid.i@newmail.com', 'angol', '2018-03-13 05:05:31', NULL),
('haran.diana@egyetem.hu', 'angol', '2018-03-13 23:40:51', NULL),
('ba.patri@egyetem.hu', 'matematika', '2018-03-14 20:22:44', NULL),
('pop.csa@mszc.hu', 'biológia', '2018-03-15 05:28:11', NULL),
('barna.ma@pmail.com', 'kémia', '2018-03-15 10:46:37', '2018-09-18 20:09:39'),
('lehoc.lasz@egyetem.hu', 'matematika', '2018-03-16 08:27:44', '2018-06-14 16:20:58'),
('b.rola@egyetem.hu', 'biológia', '2018-03-16 14:04:55', NULL),
('na.szabo@iskola.hu', 'földrajz', '2018-03-16 14:05:40', NULL),
('b.zso@simplemail.com', 'biológia', '2018-03-17 13:39:52', NULL),
('hev.em@iskola.hu', 'filozófia', '2018-03-18 14:40:47', NULL),
('k.ildik@egyetem.hu', 'filozófia', '2018-03-19 19:43:55', NULL),
('toth.petr@xmail.com', 'földrajz', '2018-03-20 00:18:21', NULL),
('leng.l@mszc.hu', 'biológia', '2018-03-20 13:41:46', NULL),
('c.zsofi@tesulid.hu', 'földrajz', '2018-03-20 19:57:18', NULL),
('gerge.kri@egyetem.hu', 'biológia', '2018-03-21 03:25:35', NULL),
('kardo.ge@pmail.com', 'biológia', '2018-03-21 11:53:19', '2018-06-28 16:45:15'),
('bo.adam@egyetem.hu', 'fizika', '2018-03-21 22:11:55', NULL),
('mo.barnaba@tesulid.hu', 'fizika', '2018-03-22 07:21:42', NULL),
('barna.ma@pmail.com', 'angol', '2018-03-22 15:51:57', NULL),
('juhas.gab@simplemail.com', 'informatika', '2018-03-22 22:01:30', NULL),
('juhas.gab@simplemail.com', 'matematika', '2018-03-23 02:27:53', NULL),
('po.andre@egyetem.hu', 'biológia', '2018-03-23 06:10:35', NULL),
('mi.ani@newmail.com', 'magyar', '2018-03-23 11:17:58', NULL),
('tarkany.lilla@egyetem.hu', 'filozófia', '2018-03-27 04:50:18', NULL),
('c.abonyi@newmail.com', 'német', '2018-03-27 09:00:00', NULL),
('le.melitta@xmail.com', 'földrajz', '2018-03-27 19:43:01', NULL),
('kis.kr@tesulid.hu', 'földrajz', '2018-03-27 21:36:37', NULL),
('sarnyai.r@egyetem.hu', 'informatika', '2018-03-28 10:13:39', NULL),
('szil.g@mszc.hu', 'informatika', '2018-03-28 21:53:10', NULL),
('k.ildik@egyetem.hu', 'német', '2018-03-29 09:15:39', NULL),
('szil.g@mszc.hu', 'német', '2018-03-29 13:58:39', '2018-08-11 21:30:41'),
('lu.adam@egyetem.hu', 'német', '2018-03-30 14:23:53', NULL),
('keleme.sara@newmail.com', 'angol', '2018-03-30 17:56:57', '2018-07-03 04:50:20'),
('t.kata@newmail.com', 'történelem', '2018-03-30 20:20:55', NULL),
('bal.ervi@iskola.hu', 'fizika', '2018-03-31 15:16:16', NULL),
('d.kriszt@egyetem.hu', 'biológia', '2018-03-31 16:40:36', NULL),
('sa.zso@xmail.com', 'történelem', '2018-04-03 01:58:03', NULL),
('hal.patr@xmail.com', 'filozófia', '2018-04-03 07:47:40', NULL),
('bozok.a@newmail.com', 'informatika', '2018-04-04 05:51:29', '2018-07-17 05:21:10'),
('ungar.vi@mszc.hu', 'filozófia', '2018-04-05 02:29:26', NULL),
('or.fanni@xmail.com', 'angol', '2018-04-05 03:40:35', NULL),
('furto.benjam@newmail.com', 'történelem', '2018-04-05 12:42:15', NULL),
('bal.ervi@iskola.hu', 'angol', '2018-04-05 15:10:36', NULL),
('kov.noemi@pmail.com', 'német', '2018-04-05 18:29:51', NULL),
('b.zso@simplemail.com', 'matematika', '2018-04-06 18:37:41', NULL),
('ele.julia@simplemail.com', 'földrajz', '2018-04-06 19:49:59', NULL),
('ta.gr@newmail.com', 'biológia', '2018-04-07 02:16:04', '2018-08-08 13:52:36'),
('haran.diana@egyetem.hu', 'földrajz', '2018-04-07 10:56:43', '2018-07-18 14:20:47'),
('sz.e@egyetem.hu', 'informatika', '2018-04-07 16:39:40', NULL),
('feher.dorotty@pmail.com', 'földrajz', '2018-04-08 14:17:35', '2018-08-21 09:37:29'),
('puski.e@egyetem.hu', 'biológia', '2018-04-08 14:21:50', NULL),
('sandor.f@pmail.com', 'német', '2018-04-08 16:42:35', NULL),
('si.v@simplemail.com', 'földrajz', '2018-04-11 01:38:58', NULL),
('pop.csa@mszc.hu', 'kémia', '2018-04-11 03:20:40', NULL),
('szucs.leve@iskola.hu', 'angol', '2018-04-11 17:21:13', NULL),
('szecsi.viktor@iskola.hu', 'biológia', '2018-04-12 07:19:58', NULL),
('balog.a@tesulid.hu', 'földrajz', '2018-04-12 14:09:58', '2018-08-21 06:28:42'),
('pign.mi@xmail.com', 'német', '2018-04-12 23:59:11', NULL),
('curle.mercedesz@egyetem.hu', 'biológia', '2018-04-13 21:27:03', NULL),
('varg.en@simplemail.com', 'magyar', '2018-04-14 08:45:18', NULL),
('nagy.mila@iskola.hu', 'német', '2018-04-16 08:12:42', NULL),
('to.davi@newmail.com', 'angol', '2018-04-16 19:16:47', NULL),
('sisa.ger@mszc.hu', 'biológia', '2018-04-16 23:25:59', '2018-04-22 00:40:06'),
('pint.kat@simplemail.com', 'matematika', '2018-04-17 06:11:05', NULL),
('fo.mark@egyetem.hu', 'angol', '2018-04-17 10:36:26', NULL),
('kado.a@tesulid.hu', 'biológia', '2018-04-18 07:33:04', NULL),
('levai.zs@egyetem.hu', 'magyar', '2018-04-18 11:54:43', NULL),
('gyorg.ag@egyetem.hu', 'filozófia', '2018-04-19 06:05:23', NULL),
('horv.mon@iskola.hu', 'filozófia', '2018-04-19 06:45:19', NULL),
('po.b@newmail.com', 'földrajz', '2018-04-22 15:14:10', NULL),
('kov.r@egyetem.hu', 'biológia', '2018-04-22 19:31:37', NULL),
('bok.kit@egyetem.hu', 'kémia', '2018-04-22 22:26:36', NULL),
('bi.m@xmail.com', 'informatika', '2018-04-23 07:47:48', NULL),
('szecsi.viktor@iskola.hu', 'informatika', '2018-04-24 06:35:25', NULL),
('kincs.klau@iskola.hu', 'biológia', '2018-04-24 21:36:19', NULL),
('talosi.bar@xmail.com', 'matematika', '2018-04-25 06:54:25', NULL),
('gy.z@egyetem.hu', 'angol', '2018-04-25 18:18:13', NULL),
('ve.l@simplemail.com', 'magyar', '2018-04-26 00:12:12', NULL),
('p.kinc@iskola.hu', 'történelem', '2018-04-26 11:32:18', NULL),
('nagy.mila@iskola.hu', 'matematika', '2018-04-27 10:41:22', NULL),
('eberh.li@xmail.com', 'filozófia', '2018-04-27 17:07:26', '2018-07-26 01:14:36'),
('t.noemi@egyetem.hu', 'kémia', '2018-04-28 09:56:59', NULL),
('ivan.ber@tesulid.hu', 'informatika', '2018-04-29 05:55:00', NULL),
('p.bal@egyetem.hu', 'biológia', '2018-04-29 06:39:42', NULL),
('cso.imol@xmail.com', 'informatika', '2018-04-29 10:08:48', NULL),
('varga.nikolett@egyetem.hu', 'kémia', '2018-04-29 12:00:03', NULL),
('juhasz-szel.da@iskola.hu', 'filozófia', '2018-04-30 13:27:41', NULL),
('sa.zso@xmail.com', 'német', '2018-04-30 14:27:47', NULL),
('farkas.ani@simplemail.com', 'magyar', '2018-05-01 03:12:17', NULL),
('halk.d@xmail.com', 'matematika', '2018-05-01 07:48:24', NULL),
('csis.pe@egyetem.hu', 'angol', '2018-05-02 20:59:09', '2018-05-08 10:18:08'),
('vince.kris@pmail.com', 'biológia', '2018-05-03 00:01:52', NULL),
('nagy.mila@iskola.hu', 'biológia', '2018-05-03 06:38:14', NULL),
('kiss.dzsen@egyetem.hu', 'történelem', '2018-05-04 02:59:02', NULL),
('d.p@simplemail.com', 'fizika', '2018-05-04 09:23:23', NULL),
('tari.d@egyetem.hu', 'földrajz', '2018-05-04 19:07:04', NULL),
('nemet.dora@simplemail.com', 'kémia', '2018-05-04 23:59:49', NULL),
('kova.gab@simplemail.com', 'magyar', '2018-05-05 06:50:29', NULL),
('koszo.ev@iskola.hu', 'biológia', '2018-05-05 08:59:01', NULL),
('pop.davi@pmail.com', 'magyar', '2018-05-05 16:08:40', NULL),
('jano.p@simplemail.com', 'biológia', '2018-05-07 13:22:04', NULL),
('t.ali@mszc.hu', 'történelem', '2018-05-08 02:55:37', NULL),
('pop.csa@mszc.hu', 'informatika', '2018-05-08 04:41:29', NULL),
('cso.szebasz@pmail.com', 'földrajz', '2018-05-08 19:19:31', NULL),
('rad.v@xmail.com', 'biológia', '2018-05-08 20:32:54', NULL),
('pap.lili@pmail.com', 'biológia', '2018-05-10 02:29:12', NULL),
('hegy.nett@xmail.com', 'angol', '2018-05-10 11:04:32', NULL),
('kon.li@egyetem.hu', 'fizika', '2018-05-10 20:04:54', NULL),
('szer.be@egyetem.hu', 'matematika', '2018-05-10 21:46:55', NULL),
('gor.anna@mszc.hu', 'fizika', '2018-05-11 07:00:50', NULL),
('kincs.klau@iskola.hu', 'angol', '2018-05-12 12:20:06', NULL),
('vince.kris@pmail.com', 'matematika', '2018-05-13 06:46:31', NULL),
('var.b@newmail.com', 'kémia', '2018-05-13 07:43:03', NULL),
('leind.kata@pmail.com', 'informatika', '2018-05-13 16:14:12', NULL),
('me.fere@egyetem.hu', 'filozófia', '2018-05-14 08:08:03', NULL),
('szucs.leve@iskola.hu', 'magyar', '2018-05-14 21:04:42', NULL),
('t.s@xmail.com', 'földrajz', '2018-05-15 08:54:42', NULL),
('vekety.lill@tesulid.hu', 'biológia', '2018-05-15 10:01:19', NULL),
('a.z@pmail.com', 'földrajz', '2018-05-15 18:22:37', NULL),
('gor.anna@mszc.hu', 'kémia', '2018-05-15 22:39:23', NULL),
('sza.danie@egyetem.hu', 'földrajz', '2018-05-16 09:15:35', NULL),
('rad.v@xmail.com', 'matematika', '2018-05-16 17:12:14', NULL),
('g.an@egyetem.hu', 'kémia', '2018-05-16 20:42:53', NULL),
('dillma.blan@iskola.hu', 'német', '2018-05-17 07:19:56', NULL),
('gro.kit@egyetem.hu', 'biológia', '2018-05-17 14:44:22', NULL),
('tar.g@xmail.com', 'filozófia', '2018-05-17 19:59:59', NULL),
('tot.b@iskola.hu', 'informatika', '2018-05-18 00:33:25', '2018-08-11 15:56:18'),
('szil.g@mszc.hu', 'biológia', '2018-05-18 07:40:54', NULL),
('c.andras@simplemail.com', 'biológia', '2018-05-18 17:06:18', NULL),
('vas.zs@xmail.com', 'kémia', '2018-05-19 08:20:20', NULL),
('ba.patri@egyetem.hu', 'német', '2018-05-19 16:36:44', NULL),
('m.h@iskola.hu', 'filozófia', '2018-05-19 18:40:22', NULL),
('h.ann@pmail.com', 'angol', '2018-05-21 14:38:49', NULL),
('garai.d@mszc.hu', 'földrajz', '2018-05-23 00:25:54', NULL),
('zele.anita@simplemail.com', 'biológia', '2018-05-24 14:41:44', NULL),
('nemet.dora@simplemail.com', 'német', '2018-05-25 20:27:44', NULL),
('va.d@pmail.com', 'matematika', '2018-05-26 22:30:03', NULL),
('j.zoltan@iskola.hu', 'biológia', '2018-05-27 09:44:54', NULL),
('nem.dani@egyetem.hu', 'biológia', '2018-05-27 14:28:48', NULL),
('barna.ma@pmail.com', 'biológia', '2018-05-28 03:17:48', NULL),
('sandor.f@pmail.com', 'földrajz', '2018-05-29 21:42:57', NULL),
('j.d@mszc.hu', 'fizika', '2018-05-30 13:08:10', NULL),
('d.p@simplemail.com', 'biológia', '2018-05-31 09:43:51', NULL),
('cso.szebasz@pmail.com', 'informatika', '2018-05-31 23:06:19', NULL),
('ruzs.re@egyetem.hu', 'magyar', '2018-06-01 16:25:34', NULL),
('varga.nikolett@egyetem.hu', 'német', '2018-06-01 16:59:47', NULL),
('sz.ti@newmail.com', 'matematika', '2018-06-02 00:05:38', NULL),
('ja.b@newmail.com', 'történelem', '2018-06-02 08:59:40', '2018-09-22 21:03:51'),
('juhas.gab@simplemail.com', 'földrajz', '2018-06-02 19:09:37', NULL),
('vir.no@newmail.com', 'földrajz', '2018-06-03 07:03:20', NULL),
('b.rola@egyetem.hu', 'kémia', '2018-06-03 14:04:39', NULL),
('p.kinc@iskola.hu', 'magyar', '2018-06-03 22:54:17', NULL),
('rest.ki@xmail.com', 'német', '2018-06-04 13:02:42', '2018-07-14 07:45:12'),
('farkas.ani@simplemail.com', 'biológia', '2018-06-06 00:59:35', '2018-07-02 08:16:55'),
('vinko.fan@tesulid.hu', 'történelem', '2018-06-06 08:50:01', NULL),
('pata.g@mszc.hu', 'földrajz', '2018-06-07 11:42:15', '2018-07-18 05:30:42'),
('ta.gr@newmail.com', 'angol', '2018-06-07 13:17:51', NULL),
('er.flo@newmail.com', 'fizika', '2018-06-07 15:39:47', NULL),
('ho.botond@egyetem.hu', 'történelem', '2018-06-09 04:59:45', NULL),
('czako.agnes@newmail.com', 'földrajz', '2018-06-09 16:25:54', NULL),
('lukacs.pe@newmail.com', 'biológia', '2018-06-10 22:42:15', NULL),
('h.gergely@pmail.com', 'filozófia', '2018-06-11 13:55:53', NULL),
('sz.a@iskola.hu', 'informatika', '2018-06-13 03:16:05', NULL),
('var.b@newmail.com', 'magyar', '2018-06-13 15:10:44', NULL),
('garai.d@mszc.hu', 'kémia', '2018-06-13 22:31:54', NULL),
('nemes.kitt@egyetem.hu', 'informatika', '2018-06-14 00:27:35', NULL),
('pere.ma@xmail.com', 'német', '2018-06-14 05:55:12', NULL),
('kard.davi@simplemail.com', 'angol', '2018-06-14 09:29:17', NULL),
('kova.gab@simplemail.com', 'német', '2018-06-15 22:50:16', NULL),
('g.e@egyetem.hu', 'német', '2018-06-16 02:37:50', NULL),
('gosi.f@egyetem.hu', 'biológia', '2018-06-16 11:18:54', NULL),
('toth.b@tesulid.hu', 'angol', '2018-06-16 12:20:47', NULL),
('f.davi@tesulid.hu', 'földrajz', '2018-06-17 03:27:38', NULL),
('horvat.dora@newmail.com', 'informatika', '2018-06-17 04:17:19', NULL),
('k.zolt@iskola.hu', 'földrajz', '2018-06-17 05:50:07', NULL),
('to.t@newmail.com', 'kémia', '2018-06-17 15:19:41', NULL),
('toth.b@tesulid.hu', 'biológia', '2018-06-18 04:36:39', NULL),
('bak.gergo@newmail.com', 'matematika', '2018-06-19 10:09:01', NULL),
('si.v@simplemail.com', 'német', '2018-06-19 19:24:02', NULL),
('sziran.klaudia@egyetem.hu', 'biológia', '2018-06-19 21:37:35', NULL),
('fa.ad@egyetem.hu', 'matematika', '2018-06-22 04:30:12', '2018-08-08 09:12:29'),
('fic.ak@egyetem.hu', 'német', '2018-06-22 11:53:24', NULL),
('v.n@tesulid.hu', 'informatika', '2018-06-22 14:33:32', NULL),
('pomu.viktor@iskola.hu', 'informatika', '2018-06-23 02:01:10', NULL),
('gerge.kri@egyetem.hu', 'informatika', '2018-06-23 20:37:21', NULL),
('mi.ani@newmail.com', 'német', '2018-06-24 22:42:28', NULL),
('on.marton@xmail.com', 'földrajz', '2018-06-25 02:27:14', NULL),
('va.alina@egyetem.hu', 'angol', '2018-06-25 02:32:22', NULL),
('simensz.e@pmail.com', 'kémia', '2018-06-25 07:26:34', NULL),
('leng.mate@pmail.com', 'angol', '2018-06-25 16:24:15', NULL),
('korp.gell@newmail.com', 'matematika', '2018-06-27 18:04:39', NULL),
('h.gergely@pmail.com', 'matematika', '2018-06-27 20:57:09', NULL),
('vilo.e@newmail.com', 'kémia', '2018-06-28 03:53:42', NULL),
('ba.patri@egyetem.hu', 'angol', '2018-06-28 22:48:42', NULL),
('b.david@mszc.hu', 'informatika', '2018-06-29 02:38:29', NULL),
('s.mari@egyetem.hu', 'informatika', '2018-06-29 10:16:11', NULL),
('tot.dor@pmail.com', 'matematika', '2018-06-30 18:24:33', NULL),
('b.d@iskola.hu', 'fizika', '2018-06-30 19:50:51', NULL),
('ve.a@iskola.hu', 'történelem', '2018-06-30 22:32:29', NULL),
('berta.benc@egyetem.hu', 'német', '2018-07-01 03:49:00', NULL),
('berkes.pet@newmail.com', 'földrajz', '2018-07-01 12:49:25', NULL),
('va.d@pmail.com', 'biológia', '2018-07-01 13:15:35', NULL),
('m.bal@tesulid.hu', 'történelem', '2018-07-01 20:14:26', NULL),
('balog.da@pmail.com', 'filozófia', '2018-07-01 21:59:11', NULL),
('me.re@newmail.com', 'angol', '2018-07-01 23:46:53', NULL),
('szabo.a@simplemail.com', 'német', '2018-07-02 00:30:12', NULL),
('ungi.atti@newmail.com', 'angol', '2018-07-02 01:23:26', NULL),
('varga.nikolett@egyetem.hu', 'informatika', '2018-07-03 15:27:04', NULL),
('kortvelyesi.fran@mszc.hu', 'magyar', '2018-07-03 15:49:52', NULL),
('l.dian@newmail.com', 'német', '2018-07-05 13:08:30', NULL),
('onodi.bar@newmail.com', 'történelem', '2018-07-06 08:20:25', NULL),
('rad.ma@egyetem.hu', 'kémia', '2018-07-06 19:07:47', NULL),
('szobo.mart@simplemail.com', 'fizika', '2018-07-07 14:16:58', NULL),
('neme.eszte@xmail.com', 'angol', '2018-07-08 03:21:03', NULL),
('juha.viktoria@egyetem.hu', 'földrajz', '2018-07-08 17:07:55', NULL);
